{"type":"FeatureCollection","features":[{"type":"Feature","geometry":{"type":"Point","coordinates":[-79.2971901,43.8261397]},"properties":{"osmId":534071147,"osmType":"node","surveillanceZone":"traffic","osmTimestamp":"2026-06-28T17:29:22Z","osmVersion":3}},{"type":"Feature","geometry":{"type":"Point","coordinates":[-81.0083582,46.4930209]},"properties":{"osmId":1802138239,"osmType":"node","operator":"Greater Sudbury Police Service","brand":"Dahua Technology","direction":0,"directions":[0,90],"surveillanceZone":"traffic","osmTimestamp":"2026-06-09T13:15:27Z","osmVersion":3}},{"type":"Feature","geometry":{"type":"Point","coordinates":[-79.7709183,43.7639783]},"properties":{"osmId":2832913940,"osmType":"node","brand":"Genetec","direction":1,"surveillanceZone":"traffic","osmTimestamp":"2026-07-19T21:36:21Z","osmVersion":3}},{"type":"Feature","geometry":{"type":"Point","coordinates":[-79.7706886,43.7642144]},"properties":{"osmId":2832913943,"osmType":"node","brand":"Genetec","direction":270,"surveillanceZone":"traffic","osmTimestamp":"2026-07-19T21:36:21Z","osmVersion":3}},{"type":"Feature","geometry":{"type":"Point","coordinates":[-79.7710106,43.7644542]},"properties":{"osmId":2832919564,"osmType":"node","brand":"Genetec","direction":180,"surveillanceZone":"traffic","osmTimestamp":"2026-07-19T21:36:21Z","osmVersion":2}},{"type":"Feature","geometry":{"type":"Point","coordinates":[-79.7689068,43.7449453]},"properties":{"osmId":2832921813,"osmType":"node","brand":"Genetec","direction":1,"surveillanceZone":"traffic","osmTimestamp":"2026-07-19T21:40:14Z","osmVersion":2}},{"type":"Feature","geometry":{"type":"Point","coordinates":[-79.7685318,43.745176]},"properties":{"osmId":2832921820,"osmType":"node","brand":"Genetec","direction":270,"surveillanceZone":"traffic","osmTimestamp":"2026-07-19T21:40:14Z","osmVersion":3}},{"type":"Feature","geometry":{"type":"Point","coordinates":[-79.769256,43.7451965]},"properties":{"osmId":2832921821,"osmType":"node","brand":"Genetec","direction":90,"surveillanceZone":"traffic","osmTimestamp":"2026-07-19T21:40:14Z","osmVersion":3}},{"type":"Feature","geometry":{"type":"Point","coordinates":[-79.7807331,43.736153]},"properties":{"osmId":2834333134,"osmType":"node","brand":"Genetec","direction":1,"surveillanceZone":"traffic","osmTimestamp":"2026-07-19T21:38:43Z","osmVersion":2}},{"type":"Feature","geometry":{"type":"Point","coordinates":[-79.3046091,43.8343209]},"properties":{"osmId":7905685909,"osmType":"node","surveillanceZone":"traffic","osmTimestamp":"2026-06-28T17:29:22Z","osmVersion":3}},{"type":"Feature","geometry":{"type":"Point","coordinates":[-79.5363213,43.8494714]},"properties":{"osmId":11077499228,"osmType":"node","operator":"York Regional Police","surveillanceZone":"traffic","osmTimestamp":"2026-06-11T03:16:24Z","osmVersion":2}},{"type":"Feature","geometry":{"type":"Point","coordinates":[-79.284232,43.8670629]},"properties":{"osmId":11310801763,"osmType":"node","operator":"York Regional Police","surveillanceZone":"traffic","osmTimestamp":"2026-06-11T03:16:24Z","osmVersion":2}},{"type":"Feature","geometry":{"type":"Point","coordinates":[-80.4322926,43.3954792]},"properties":{"osmId":12770459007,"osmType":"node","osmTimestamp":"2026-03-24T22:34:51Z","osmVersion":2}},{"type":"Feature","geometry":{"type":"Point","coordinates":[-79.7712165,43.7642022]},"properties":{"osmId":12955109697,"osmType":"node","brand":"Genetec","direction":80,"surveillanceZone":"traffic","osmTimestamp":"2026-07-19T21:36:21Z","osmVersion":2}},{"type":"Feature","geometry":{"type":"Point","coordinates":[-81.7683989,46.0690272]},"properties":{"osmId":13048518610,"osmType":"node","operator":"United Chiefs and Councils of Manitoulin Anishnaabe Police Service","surveillanceZone":"traffic","osmTimestamp":"2025-08-04T15:39:44Z","osmVersion":1}},{"type":"Feature","geometry":{"type":"Point","coordinates":[-80.9833416,46.5224786]},"properties":{"osmId":13104298613,"osmType":"node","operator":"Greater Sudbury Police Service","brand":"Dahua Technology","direction":20,"surveillanceZone":"traffic","osmTimestamp":"2026-02-20T23:16:37Z","osmVersion":2}},{"type":"Feature","geometry":{"type":"Point","coordinates":[-80.986984,46.5019404]},"properties":{"osmId":13104298614,"osmType":"node","operator":"Greater Sudbury Police Service","brand":"Dahua Technology","direction":15,"surveillanceZone":"traffic","osmTimestamp":"2026-02-20T23:16:37Z","osmVersion":2}},{"type":"Feature","geometry":{"type":"Point","coordinates":[-79.781001,43.7363507]},"properties":{"osmId":13118718705,"osmType":"node","brand":"Genetec","direction":90,"surveillanceZone":"traffic","osmTimestamp":"2026-07-19T21:38:43Z","osmVersion":2}},{"type":"Feature","geometry":{"type":"Point","coordinates":[-79.7807508,43.7365814]},"properties":{"osmId":13118718732,"osmType":"node","brand":"Genetec","direction":180,"surveillanceZone":"traffic","osmTimestamp":"2026-07-19T21:38:43Z","osmVersion":2}},{"type":"Feature","geometry":{"type":"Point","coordinates":[-123.2493634,49.2599834]},"properties":{"osmId":13287772660,"osmType":"node","operator":"University of British Columbia","brand":"Genetec","direction":350,"surveillanceZone":"traffic","osmTimestamp":"2026-01-13T21:29:39Z","osmVersion":2}},{"type":"Feature","geometry":{"type":"Point","coordinates":[-123.2501356,49.2597101]},"properties":{"osmId":13287772661,"osmType":"node","operator":"University of British Columbia","brand":"Genetec","direction":340,"surveillanceZone":"traffic","osmTimestamp":"2026-01-13T21:29:39Z","osmVersion":2}},{"type":"Feature","geometry":{"type":"Point","coordinates":[-79.7688903,43.7454502]},"properties":{"osmId":13380363319,"osmType":"node","brand":"Genetec","direction":180,"surveillanceZone":"traffic","osmTimestamp":"2026-07-19T21:40:14Z","osmVersion":2}},{"type":"Feature","geometry":{"type":"Point","coordinates":[-123.2503175,49.2684538]},"properties":{"osmId":13384360702,"osmType":"node","operator":"University of British Columbia","brand":"Genetec","direction":223,"surveillanceZone":"traffic","osmTimestamp":"2026-01-13T21:26:56Z","osmVersion":2}},{"type":"Feature","geometry":{"type":"Point","coordinates":[-123.2504401,49.2687451]},"properties":{"osmId":13384360703,"osmType":"node","operator":"University of British Columbia","brand":"Genetec","direction":149,"surveillanceZone":"traffic","osmTimestamp":"2026-01-13T21:26:56Z","osmVersion":2}},{"type":"Feature","geometry":{"type":"Point","coordinates":[-123.2448507,49.2649545]},"properties":{"osmId":13384364802,"osmType":"node","operator":"University of British Columbia","brand":"Genetec","direction":154,"surveillanceZone":"traffic","osmTimestamp":"2026-01-13T21:26:56Z","osmVersion":2}},{"type":"Feature","geometry":{"type":"Point","coordinates":[-123.2504463,49.2687591]},"properties":{"osmId":13384369601,"osmType":"node","operator":"University of British Columbia","brand":"Genetec","direction":335,"surveillanceZone":"traffic","osmTimestamp":"2026-01-13T21:26:56Z","osmVersion":2}},{"type":"Feature","geometry":{"type":"Point","coordinates":[-123.2583836,49.2662737]},"properties":{"osmId":13384375302,"osmType":"node","operator":"University of British Columbia","brand":"Genetec","direction":145,"surveillanceZone":"traffic","osmTimestamp":"2026-01-13T21:26:56Z","osmVersion":2}},{"type":"Feature","geometry":{"type":"Point","coordinates":[-123.2489788,49.2661695]},"properties":{"osmId":13384378602,"osmType":"node","operator":"University of British Columbia","brand":"Genetec","direction":335,"surveillanceZone":"traffic","osmTimestamp":"2026-01-13T21:26:56Z","osmVersion":2}},{"type":"Feature","geometry":{"type":"Point","coordinates":[-123.2490727,49.2662588]},"properties":{"osmId":13384378603,"osmType":"node","operator":"University of British Columbia","brand":"Genetec","direction":142,"surveillanceZone":"traffic","mountType":"gantry","osmTimestamp":"2026-01-13T21:26:56Z","osmVersion":2}},{"type":"Feature","geometry":{"type":"Point","coordinates":[-123.2581285,49.2663627]},"properties":{"osmId":13384379101,"osmType":"node","operator":"University of British Columbia","brand":"Genetec","direction":335,"surveillanceZone":"traffic","osmTimestamp":"2026-01-13T21:26:56Z","osmVersion":2}},{"type":"Feature","geometry":{"type":"Point","coordinates":[-76.9780209,44.2372589]},"properties":{"osmId":13426513701,"osmType":"node","direction":285,"surveillanceZone":"traffic","osmTimestamp":"2026-02-03T11:11:40Z","osmVersion":3}},{"type":"Feature","geometry":{"type":"Point","coordinates":[-76.9471204,44.2438867]},"properties":{"osmId":13426516801,"osmType":"node","brand":"Flock Safety","direction":75,"surveillanceZone":"traffic","osmTimestamp":"2026-01-02T12:10:24Z","osmVersion":1}},{"type":"Feature","geometry":{"type":"Point","coordinates":[-76.9389143,44.2387207]},"properties":{"osmId":13426518301,"osmType":"node","direction":308,"directions":[308,235],"surveillanceZone":"traffic","osmTimestamp":"2026-01-14T00:55:38Z","osmVersion":5}},{"type":"Feature","geometry":{"type":"Point","coordinates":[-76.9728364,44.2277468]},"properties":{"osmId":13427169501,"osmType":"node","direction":74,"surveillanceZone":"traffic","osmTimestamp":"2026-01-13T16:27:46Z","osmVersion":2}},{"type":"Feature","geometry":{"type":"Point","coordinates":[-76.9540955,44.2507385]},"properties":{"osmId":13427172901,"osmType":"node","brand":"Flock Safety","direction":119,"surveillanceZone":"traffic","osmTimestamp":"2026-01-02T18:35:32Z","osmVersion":1}},{"type":"Feature","geometry":{"type":"Point","coordinates":[-76.9517269,44.2468078]},"properties":{"osmId":13427175301,"osmType":"node","brand":"Flock Safety","direction":108,"surveillanceZone":"traffic","osmTimestamp":"2026-01-02T18:36:58Z","osmVersion":1}},{"type":"Feature","geometry":{"type":"Point","coordinates":[-76.9506731,44.2473516]},"properties":{"osmId":13427176801,"osmType":"node","brand":"Flock Safety","direction":88,"surveillanceZone":"traffic","osmTimestamp":"2026-01-02T18:37:28Z","osmVersion":1}},{"type":"Feature","geometry":{"type":"Point","coordinates":[-76.9605078,44.2574336]},"properties":{"osmId":13427757301,"osmType":"node","brand":"Flock Safety","direction":275,"surveillanceZone":"traffic","osmTimestamp":"2026-01-03T00:50:30Z","osmVersion":1}},{"type":"Feature","geometry":{"type":"Point","coordinates":[-76.9510567,44.2480031]},"properties":{"osmId":13427761001,"osmType":"node","operator":"Ontario Provincial Police","brand":"Flock Safety","direction":298,"surveillanceZone":"traffic","osmTimestamp":"2026-01-11T02:02:10Z","osmVersion":3}},{"type":"Feature","geometry":{"type":"Point","coordinates":[-76.9581547,44.2549934]},"properties":{"osmId":13427864601,"osmType":"node","brand":"Flock Safety","direction":186,"surveillanceZone":"traffic","osmTimestamp":"2026-01-03T02:10:49Z","osmVersion":1}},{"type":"Feature","geometry":{"type":"Point","coordinates":[-76.9647905,44.2638292]},"properties":{"osmId":13428848301,"osmType":"node","brand":"Flock Safety","direction":70,"surveillanceZone":"traffic","osmTimestamp":"2026-01-03T16:30:22Z","osmVersion":1}},{"type":"Feature","geometry":{"type":"Point","coordinates":[-76.9636583,44.2613744]},"properties":{"osmId":13428849201,"osmType":"node","brand":"Flock Safety","direction":8,"surveillanceZone":"traffic","osmTimestamp":"2026-01-03T16:31:04Z","osmVersion":1}},{"type":"Feature","geometry":{"type":"Point","coordinates":[-76.9636548,44.2613275]},"properties":{"osmId":13428849701,"osmType":"node","brand":"Flock Safety","direction":119,"surveillanceZone":"traffic","osmTimestamp":"2026-01-03T16:31:27Z","osmVersion":1}},{"type":"Feature","geometry":{"type":"Point","coordinates":[-76.9520622,44.2486268]},"properties":{"osmId":13428850801,"osmType":"node","brand":"Flock Safety","direction":107,"surveillanceZone":"traffic","osmTimestamp":"2026-01-03T16:32:57Z","osmVersion":1}},{"type":"Feature","geometry":{"type":"Point","coordinates":[-76.944861,44.2515471]},"properties":{"osmId":13450502701,"osmType":"node","brand":"Flock Safety","direction":180,"surveillanceZone":"traffic","osmTimestamp":"2026-01-12T22:02:31Z","osmVersion":3}},{"type":"Feature","geometry":{"type":"Point","coordinates":[-76.9360229,44.2501483]},"properties":{"osmId":13451462802,"osmType":"node","brand":"Flock Safety","direction":300,"directions":[300,95],"surveillanceZone":"traffic","osmTimestamp":"2026-01-14T11:56:16Z","osmVersion":3}},{"type":"Feature","geometry":{"type":"Point","coordinates":[-76.9473493,44.248922]},"properties":{"osmId":13451467601,"osmType":"node","brand":"Flock Safety","direction":14,"surveillanceZone":"traffic","osmTimestamp":"2026-01-12T21:55:05Z","osmVersion":1}},{"type":"Feature","geometry":{"type":"Point","coordinates":[-76.9480807,44.2487493]},"properties":{"osmId":13451468401,"osmType":"node","brand":"Flock Safety","direction":190,"surveillanceZone":"traffic","osmTimestamp":"2026-01-12T21:55:36Z","osmVersion":1}},{"type":"Feature","geometry":{"type":"Point","coordinates":[-76.9481379,44.2485258]},"properties":{"osmId":13451469501,"osmType":"node","brand":"Flock Safety","direction":0,"surveillanceZone":"traffic","osmTimestamp":"2026-01-12T21:56:24Z","osmVersion":1}},{"type":"Feature","geometry":{"type":"Point","coordinates":[-76.9492684,44.2481024]},"properties":{"osmId":13451469901,"osmType":"node","brand":"Flock Safety","direction":193,"surveillanceZone":"traffic","osmTimestamp":"2026-01-12T21:56:48Z","osmVersion":1}},{"type":"Feature","geometry":{"type":"Point","coordinates":[-76.9467959,44.2511349]},"properties":{"osmId":13452782202,"osmType":"node","brand":"Flock Safety","direction":232,"surveillanceZone":"traffic","osmTimestamp":"2026-01-13T15:38:25Z","osmVersion":1}},{"type":"Feature","geometry":{"type":"Point","coordinates":[-76.9494253,44.2461492]},"properties":{"osmId":13452785301,"osmType":"node","brand":"Flock Safety","direction":0,"surveillanceZone":"traffic","osmTimestamp":"2026-01-13T15:39:17Z","osmVersion":1}},{"type":"Feature","geometry":{"type":"Point","coordinates":[-76.9484438,44.2446013]},"properties":{"osmId":13452785601,"osmType":"node","brand":"Flock Safety","direction":308,"surveillanceZone":"traffic","osmTimestamp":"2026-01-13T15:39:49Z","osmVersion":1}},{"type":"Feature","geometry":{"type":"Point","coordinates":[-76.9585091,44.2482565]},"properties":{"osmId":13452788301,"osmType":"node","brand":"Flock Safety","direction":254,"surveillanceZone":"traffic","osmTimestamp":"2026-01-13T15:40:36Z","osmVersion":1}},{"type":"Feature","geometry":{"type":"Point","coordinates":[-76.9618944,44.2488184]},"properties":{"osmId":13452789101,"osmType":"node","brand":"Flock Safety","direction":66,"surveillanceZone":"traffic","osmTimestamp":"2026-01-13T15:41:07Z","osmVersion":1}},{"type":"Feature","geometry":{"type":"Point","coordinates":[-76.9428791,44.2510004]},"properties":{"osmId":13453363301,"osmType":"node","brand":"Flock Safety","direction":92,"directions":[92,19],"surveillanceZone":"traffic","osmTimestamp":"2026-01-13T20:20:53Z","osmVersion":1}},{"type":"Feature","geometry":{"type":"Point","coordinates":[-123.2505492,49.2657312]},"properties":{"osmId":13453504004,"osmType":"node","operator":"University of British Columbia","brand":"Genetec","direction":120,"surveillanceZone":"traffic","osmTimestamp":"2026-01-13T21:29:39Z","osmVersion":1}},{"type":"Feature","geometry":{"type":"Point","coordinates":[-76.9728364,44.2277468]},"properties":{"osmId":13521498801,"osmType":"node","direction":135,"surveillanceZone":"traffic","osmTimestamp":"2026-02-03T11:10:57Z","osmVersion":1}},{"type":"Feature","geometry":{"type":"Point","coordinates":[-76.9663912,44.2411057]},"properties":{"osmId":13521501401,"osmType":"node","direction":124,"surveillanceZone":"traffic","osmTimestamp":"2026-02-03T11:12:14Z","osmVersion":1}},{"type":"Feature","geometry":{"type":"Point","coordinates":[-80.9071181,46.5372318]},"properties":{"osmId":13585827188,"osmType":"node","operator":"Greater Sudbury Police Service","brand":"Dahua Technology","direction":0,"surveillanceZone":"traffic","osmTimestamp":"2026-02-22T21:25:13Z","osmVersion":2}},{"type":"Feature","geometry":{"type":"Point","coordinates":[-80.9443441,46.5220462]},"properties":{"osmId":13585827189,"osmType":"node","operator":"Greater Sudbury Police Service","brand":"Dahua Technology","direction":285,"surveillanceZone":"traffic","osmTimestamp":"2026-02-20T23:16:37Z","osmVersion":1}},{"type":"Feature","geometry":{"type":"Point","coordinates":[-80.9441653,46.5219035]},"properties":{"osmId":13591402385,"osmType":"node","operator":"Greater Sudbury Police Service","brand":"Dahua Technology","direction":200,"surveillanceZone":"traffic","osmTimestamp":"2026-02-22T21:25:13Z","osmVersion":1}},{"type":"Feature","geometry":{"type":"Point","coordinates":[-80.9076462,46.5371639]},"properties":{"osmId":13591402386,"osmType":"node","operator":"Greater Sudbury Police Service","brand":"Dahua Technology","direction":255,"surveillanceZone":"traffic","osmTimestamp":"2026-02-22T21:25:13Z","osmVersion":1}},{"type":"Feature","geometry":{"type":"Point","coordinates":[-80.9076958,46.5369271]},"properties":{"osmId":13591402387,"osmType":"node","operator":"Greater Sudbury Police Service","brand":"Dahua Technology","direction":185,"surveillanceZone":"traffic","osmTimestamp":"2026-02-22T21:25:13Z","osmVersion":1}},{"type":"Feature","geometry":{"type":"Point","coordinates":[-80.9438466,46.5220458]},"properties":{"osmId":13591402388,"osmType":"node","operator":"Greater Sudbury Police Service","brand":"Dahua Technology","direction":105,"surveillanceZone":"traffic","osmTimestamp":"2026-02-22T21:25:13Z","osmVersion":1}},{"type":"Feature","geometry":{"type":"Point","coordinates":[-80.9441461,46.5222145]},"properties":{"osmId":13591456695,"osmType":"node","operator":"Greater Sudbury Police Service","brand":"Dahua Technology","direction":20,"surveillanceZone":"traffic","osmTimestamp":"2026-02-22T21:25:05Z","osmVersion":1}},{"type":"Feature","geometry":{"type":"Point","coordinates":[-123.9501252,49.1553407]},"properties":{"osmId":13647800001,"osmType":"node","brand":"Flock Safety","direction":124,"surveillanceZone":"traffic","osmTimestamp":"2026-03-14T16:12:57Z","osmVersion":1}},{"type":"Feature","geometry":{"type":"Point","coordinates":[-81.1746423,46.5651783]},"properties":{"osmId":13714781010,"osmType":"node","operator":"Greater Sudbury Police Service","brand":"Dahua Technology","direction":90,"surveillanceZone":"traffic","osmTimestamp":"2026-04-07T20:55:34Z","osmVersion":1}},{"type":"Feature","geometry":{"type":"Point","coordinates":[-81.1741567,46.5653571]},"properties":{"osmId":13714781013,"osmType":"node","operator":"Greater Sudbury Police Service","brand":"Dahua Technology","direction":270,"surveillanceZone":"traffic","osmTimestamp":"2026-04-07T20:55:34Z","osmVersion":1}},{"type":"Feature","geometry":{"type":"Point","coordinates":[-123.1782798,49.1937509]},"properties":{"osmId":13719805101,"osmType":"node","brand":"Genetec","direction":8,"surveillanceZone":"traffic","osmTimestamp":"2026-04-10T00:42:17Z","osmVersion":1}},{"type":"Feature","geometry":{"type":"Point","coordinates":[-123.17563,49.1921024]},"properties":{"osmId":13719805102,"osmType":"node","brand":"Genetec","direction":260,"surveillanceZone":"traffic","osmTimestamp":"2026-04-10T00:43:33Z","osmVersion":1}},{"type":"Feature","geometry":{"type":"Point","coordinates":[-123.1755822,49.1919799]},"properties":{"osmId":13719805103,"osmType":"node","brand":"Genetec","direction":275,"surveillanceZone":"traffic","osmTimestamp":"2026-04-10T00:44:10Z","osmVersion":1}},{"type":"Feature","geometry":{"type":"Point","coordinates":[-123.1756453,49.1922375]},"properties":{"osmId":13719805104,"osmType":"node","brand":"Genetec","direction":259,"surveillanceZone":"traffic","osmTimestamp":"2026-04-10T00:44:55Z","osmVersion":1}},{"type":"Feature","geometry":{"type":"Point","coordinates":[-123.175643,49.1921969]},"properties":{"osmId":13719805801,"osmType":"node","brand":"Genetec","direction":273,"surveillanceZone":"traffic","osmTimestamp":"2026-04-10T00:43:12Z","osmVersion":1}},{"type":"Feature","geometry":{"type":"Point","coordinates":[-123.1756411,49.192028]},"properties":{"osmId":13719805802,"osmType":"node","brand":"Genetec","direction":255,"surveillanceZone":"traffic","osmTimestamp":"2026-04-10T00:43:48Z","osmVersion":1}},{"type":"Feature","geometry":{"type":"Point","coordinates":[-123.1756011,49.192065]},"properties":{"osmId":13719806401,"osmType":"node","brand":"Genetec","direction":278,"surveillanceZone":"traffic","osmTimestamp":"2026-04-10T00:44:22Z","osmVersion":1}},{"type":"Feature","geometry":{"type":"Point","coordinates":[-123.1756455,49.1921486]},"properties":{"osmId":13719806501,"osmType":"node","brand":"Genetec","direction":254,"surveillanceZone":"traffic","osmTimestamp":"2026-04-10T00:44:40Z","osmVersion":1}},{"type":"Feature","geometry":{"type":"Point","coordinates":[-123.1784276,49.1938364]},"properties":{"osmId":13722188601,"osmType":"node","brand":"Genetec","direction":45,"surveillanceZone":"traffic","osmTimestamp":"2026-04-10T23:50:51Z","osmVersion":1}},{"type":"Feature","geometry":{"type":"Point","coordinates":[-123.1785172,49.1939246]},"properties":{"osmId":13722191301,"osmType":"node","brand":"Genetec","direction":34,"surveillanceZone":"traffic","osmTimestamp":"2026-04-10T23:51:18Z","osmVersion":1}},{"type":"Feature","geometry":{"type":"Point","coordinates":[-79.842267,43.6563002]},"properties":{"osmId":13761411301,"osmType":"node","brand":"Flock Safety","direction":136,"surveillanceZone":"traffic","osmTimestamp":"2026-04-25T18:45:14Z","osmVersion":1}},{"type":"Feature","geometry":{"type":"Point","coordinates":[-79.8223913,43.6732848]},"properties":{"osmId":13863600202,"osmType":"node","operator":"City of Brampton","brand":"Genetec","direction":145,"surveillanceZone":"traffic","mountType":"traffic_signals","osmTimestamp":"2026-05-22T23:38:06Z","osmVersion":2}},{"type":"Feature","geometry":{"type":"Point","coordinates":[-79.8220354,43.6732056]},"properties":{"osmId":13863604702,"osmType":"node","operator":"City of Brampton","brand":"Genetec","direction":241,"surveillanceZone":"traffic","mountType":"traffic_signals","osmTimestamp":"2026-05-22T23:37:57Z","osmVersion":2}},{"type":"Feature","geometry":{"type":"Point","coordinates":[-79.8225472,43.6731147]},"properties":{"osmId":13863605101,"osmType":"node","operator":"City of Brampton","brand":"Genetec","direction":66,"surveillanceZone":"traffic","mountType":"traffic_signals","osmTimestamp":"2026-05-22T23:37:36Z","osmVersion":2}},{"type":"Feature","geometry":{"type":"Point","coordinates":[-79.8222493,43.6729851]},"properties":{"osmId":13863605102,"osmType":"node","operator":"City of Brampton","brand":"Genetec","direction":326,"surveillanceZone":"traffic","mountType":"traffic_signals","osmTimestamp":"2026-05-22T23:37:48Z","osmVersion":2}},{"type":"Feature","geometry":{"type":"Point","coordinates":[-79.7757326,43.6271226]},"properties":{"osmId":13863605104,"osmType":"node","operator":"City of Brampton","brand":"Genetec","direction":307,"surveillanceZone":"traffic","mountType":"traffic_signals","osmTimestamp":"2026-05-22T23:24:09Z","osmVersion":1}},{"type":"Feature","geometry":{"type":"Point","coordinates":[-79.7761031,43.6276599]},"properties":{"osmId":13863605105,"osmType":"node","operator":"City of Brampton","brand":"Genetec","direction":130,"surveillanceZone":"traffic","mountType":"traffic_signals","osmTimestamp":"2026-05-22T23:25:08Z","osmVersion":1}},{"type":"Feature","geometry":{"type":"Point","coordinates":[-79.7762498,43.6272242]},"properties":{"osmId":13863605106,"osmType":"node","operator":"City of Brampton","brand":"Genetec","direction":46,"surveillanceZone":"traffic","mountType":"traffic_signals","osmTimestamp":"2026-05-22T23:25:27Z","osmVersion":1}},{"type":"Feature","geometry":{"type":"Point","coordinates":[-79.7755835,43.627571]},"properties":{"osmId":13863607001,"osmType":"node","operator":"City of Brampton","brand":"Genetec","direction":221,"surveillanceZone":"traffic","mountType":"traffic_signals","osmTimestamp":"2026-05-22T23:24:46Z","osmVersion":1}},{"type":"Feature","geometry":{"type":"Point","coordinates":[-79.7606195,43.7136288]},"properties":{"osmId":13863621001,"osmType":"node","operator":"City of Brampton","brand":"Genetec","direction":235,"surveillanceZone":"traffic","mountType":"traffic_signals","osmTimestamp":"2026-05-22T23:42:35Z","osmVersion":1}},{"type":"Feature","geometry":{"type":"Point","coordinates":[-79.7609677,43.7137507]},"properties":{"osmId":13863621002,"osmType":"node","operator":"City of Brampton","brand":"Genetec","direction":143,"surveillanceZone":"traffic","mountType":"traffic_signals","osmTimestamp":"2026-05-22T23:43:33Z","osmVersion":1}},{"type":"Feature","geometry":{"type":"Point","coordinates":[-79.7610567,43.7135335]},"properties":{"osmId":13863621501,"osmType":"node","operator":"City of Brampton","brand":"Genetec","direction":55,"surveillanceZone":"traffic","mountType":"traffic_signals","osmTimestamp":"2026-05-22T23:43:12Z","osmVersion":1}},{"type":"Feature","geometry":{"type":"Point","coordinates":[-79.7607041,43.7134008]},"properties":{"osmId":13863622301,"osmType":"node","operator":"City of Brampton","brand":"Genetec","direction":319,"surveillanceZone":"traffic","mountType":"traffic_signals","osmTimestamp":"2026-05-22T23:44:05Z","osmVersion":1}},{"type":"Feature","geometry":{"type":"Point","coordinates":[-79.8230649,43.6967293]},"properties":{"osmId":13865007101,"osmType":"node","operator":"City of Brampton","brand":"Genetec","direction":51,"surveillanceZone":"traffic","mountType":"traffic_signals","osmTimestamp":"2026-05-23T06:18:23Z","osmVersion":1}},{"type":"Feature","geometry":{"type":"Point","coordinates":[-79.8226161,43.6966402]},"properties":{"osmId":13865027901,"osmType":"node","operator":"City of Brampton","brand":"Genetec","direction":311,"surveillanceZone":"traffic","mountType":"traffic_signals","osmTimestamp":"2026-05-23T06:19:46Z","osmVersion":1}},{"type":"Feature","geometry":{"type":"Point","coordinates":[-79.822506,43.6969415]},"properties":{"osmId":13865033001,"osmType":"node","operator":"City of Brampton","brand":"Genetec","direction":226,"surveillanceZone":"traffic","mountType":"traffic_signals","osmTimestamp":"2026-05-23T06:19:57Z","osmVersion":1}},{"type":"Feature","geometry":{"type":"Point","coordinates":[-79.8229345,43.6970503]},"properties":{"osmId":13865050601,"osmType":"node","operator":"City of Brampton","brand":"Genetec","direction":135,"surveillanceZone":"traffic","mountType":"traffic_signals","osmTimestamp":"2026-05-23T06:20:30Z","osmVersion":1}},{"type":"Feature","geometry":{"type":"Point","coordinates":[-79.7282885,43.71478]},"properties":{"osmId":13865124403,"osmType":"node","operator":"City of Brampton","brand":"Genetec","direction":45,"surveillanceZone":"traffic","mountType":"traffic_signals","osmTimestamp":"2026-05-23T06:36:28Z","osmVersion":1}},{"type":"Feature","geometry":{"type":"Point","coordinates":[-79.7279977,43.7146644]},"properties":{"osmId":13865125201,"osmType":"node","operator":"City of Brampton","brand":"Genetec","direction":325,"surveillanceZone":"traffic","mountType":"traffic_signals","osmTimestamp":"2026-05-23T06:36:55Z","osmVersion":1}},{"type":"Feature","geometry":{"type":"Point","coordinates":[-79.7278305,43.7149139]},"properties":{"osmId":13865125202,"osmType":"node","operator":"City of Brampton","brand":"Genetec","direction":225,"surveillanceZone":"traffic","mountType":"traffic_signals","osmTimestamp":"2026-05-23T06:37:35Z","osmVersion":1}},{"type":"Feature","geometry":{"type":"Point","coordinates":[-79.7281249,43.7150822]},"properties":{"osmId":13865125203,"osmType":"node","operator":"City of Brampton","brand":"Genetec","direction":135,"surveillanceZone":"traffic","mountType":"traffic_signals","osmTimestamp":"2026-05-23T06:38:15Z","osmVersion":1}},{"type":"Feature","geometry":{"type":"Point","coordinates":[-79.7866124,43.7058667]},"properties":{"osmId":13873179502,"osmType":"node","operator":"City of Brampton","brand":"Genetec","direction":229,"surveillanceZone":"traffic","mountType":"traffic_signals","osmTimestamp":"2026-05-24T17:03:27Z","osmVersion":1}},{"type":"Feature","geometry":{"type":"Point","coordinates":[-79.7867377,43.7056337]},"properties":{"osmId":13873195301,"osmType":"node","operator":"City of Brampton","brand":"Genetec","direction":317,"surveillanceZone":"traffic","mountType":"traffic_signals","osmTimestamp":"2026-05-24T17:03:48Z","osmVersion":1}},{"type":"Feature","geometry":{"type":"Point","coordinates":[-79.7870972,43.7057887]},"properties":{"osmId":13873195701,"osmType":"node","operator":"City of Brampton","brand":"Genetec","direction":48,"surveillanceZone":"traffic","mountType":"traffic_signals","osmTimestamp":"2026-05-24T17:04:12Z","osmVersion":1}},{"type":"Feature","geometry":{"type":"Point","coordinates":[-79.7869843,43.7060576]},"properties":{"osmId":13873195702,"osmType":"node","operator":"City of Brampton","brand":"Genetec","direction":133,"surveillanceZone":"traffic","mountType":"traffic_signals","osmTimestamp":"2026-05-24T17:04:34Z","osmVersion":1}},{"type":"Feature","geometry":{"type":"Point","coordinates":[-79.7664029,43.7085161]},"properties":{"osmId":13873196402,"osmType":"node","operator":"City of Brampton","brand":"Genetec","direction":225,"surveillanceZone":"traffic","mountType":"traffic_signals","osmTimestamp":"2026-05-24T17:07:10Z","osmVersion":1}},{"type":"Feature","geometry":{"type":"Point","coordinates":[-79.7666978,43.7085994]},"properties":{"osmId":13873197701,"osmType":"node","operator":"City of Brampton","brand":"Genetec","direction":138,"surveillanceZone":"traffic","mountType":"traffic_signals","osmTimestamp":"2026-05-24T17:06:53Z","osmVersion":1}},{"type":"Feature","geometry":{"type":"Point","coordinates":[-79.7665181,43.7082447]},"properties":{"osmId":13873197801,"osmType":"node","operator":"City of Brampton","brand":"Genetec","direction":320,"surveillanceZone":"traffic","mountType":"traffic_signals","osmTimestamp":"2026-05-24T17:07:24Z","osmVersion":1}},{"type":"Feature","geometry":{"type":"Point","coordinates":[-79.7668143,43.7083558]},"properties":{"osmId":13873197802,"osmType":"node","operator":"City of Brampton","brand":"Genetec","direction":41,"surveillanceZone":"traffic","mountType":"traffic_signals","osmTimestamp":"2026-05-24T17:07:45Z","osmVersion":1}},{"type":"Feature","geometry":{"type":"Point","coordinates":[-79.7694695,43.7218179]},"properties":{"osmId":13873209201,"osmType":"node","operator":"City of Brampton","brand":"Genetec","direction":227,"surveillanceZone":"traffic","mountType":"traffic_signals","osmTimestamp":"2026-05-24T17:08:55Z","osmVersion":1}},{"type":"Feature","geometry":{"type":"Point","coordinates":[-79.7695003,43.7216221]},"properties":{"osmId":13873209202,"osmType":"node","operator":"City of Brampton","brand":"Genetec","direction":307,"surveillanceZone":"traffic","mountType":"traffic_signals","osmTimestamp":"2026-05-24T17:09:16Z","osmVersion":1}},{"type":"Feature","geometry":{"type":"Point","coordinates":[-79.769851,43.7217333]},"properties":{"osmId":13873209203,"osmType":"node","operator":"City of Brampton","brand":"Genetec","direction":41,"surveillanceZone":"traffic","mountType":"traffic_signals","osmTimestamp":"2026-05-24T17:09:37Z","osmVersion":1}},{"type":"Feature","geometry":{"type":"Point","coordinates":[-79.7697852,43.7219115]},"properties":{"osmId":13873209204,"osmType":"node","operator":"City of Brampton","brand":"Genetec","direction":126,"surveillanceZone":"traffic","mountType":"traffic_signals","osmTimestamp":"2026-05-24T17:09:52Z","osmVersion":1}},{"type":"Feature","geometry":{"type":"Point","coordinates":[-79.7346492,43.7090069]},"properties":{"osmId":13873212502,"osmType":"node","operator":"City of Brampton","brand":"Genetec","direction":41,"surveillanceZone":"traffic","mountType":"traffic_signals","osmTimestamp":"2026-05-24T17:14:38Z","osmVersion":1}},{"type":"Feature","geometry":{"type":"Point","coordinates":[-79.7342503,43.7090805]},"properties":{"osmId":13873212702,"osmType":"node","operator":"City of Brampton","brand":"Genetec","direction":226,"surveillanceZone":"traffic","mountType":"traffic_signals","osmTimestamp":"2026-05-24T17:14:04Z","osmVersion":1}},{"type":"Feature","geometry":{"type":"Point","coordinates":[-79.7343127,43.7088897]},"properties":{"osmId":13873225901,"osmType":"node","operator":"City of Brampton","brand":"Genetec","direction":310,"surveillanceZone":"traffic","mountType":"traffic_signals","osmTimestamp":"2026-05-24T17:14:22Z","osmVersion":1}},{"type":"Feature","geometry":{"type":"Point","coordinates":[-79.7346032,43.7092101]},"properties":{"osmId":13873226801,"osmType":"node","operator":"City of Brampton","brand":"Genetec","direction":127,"surveillanceZone":"traffic","mountType":"traffic_signals","osmTimestamp":"2026-05-24T17:14:52Z","osmVersion":1}},{"type":"Feature","geometry":{"type":"Point","coordinates":[-79.7174368,43.6805643]},"properties":{"osmId":13873379402,"osmType":"node","operator":"City of Brampton","brand":"Genetec","direction":50,"surveillanceZone":"traffic","mountType":"traffic_signals","osmTimestamp":"2026-05-24T17:56:23Z","osmVersion":1}},{"type":"Feature","geometry":{"type":"Point","coordinates":[-79.7173871,43.6807705]},"properties":{"osmId":13873462201,"osmType":"node","operator":"City of Brampton","brand":"Genetec","direction":137,"surveillanceZone":"traffic","mountType":"traffic_signals","osmTimestamp":"2026-05-24T17:56:38Z","osmVersion":1}},{"type":"Feature","geometry":{"type":"Point","coordinates":[-79.717129,43.6804171]},"properties":{"osmId":13873462202,"osmType":"node","operator":"City of Brampton","brand":"Genetec","direction":316,"surveillanceZone":"traffic","mountType":"traffic_signals","osmTimestamp":"2026-05-24T17:56:52Z","osmVersion":1}},{"type":"Feature","geometry":{"type":"Point","coordinates":[-79.7170679,43.6806102]},"properties":{"osmId":13873462601,"osmType":"node","operator":"City of Brampton","brand":"Genetec","direction":232,"surveillanceZone":"traffic","mountType":"traffic_signals","osmTimestamp":"2026-05-24T17:57:14Z","osmVersion":1}},{"type":"Feature","geometry":{"type":"Point","coordinates":[-79.7224484,43.6757253]},"properties":{"osmId":13873525201,"osmType":"node","operator":"City of Brampton","brand":"Genetec","direction":221,"surveillanceZone":"traffic","mountType":"traffic_signals","osmTimestamp":"2026-05-24T18:30:30Z","osmVersion":1}},{"type":"Feature","geometry":{"type":"Point","coordinates":[-79.7225466,43.6754683]},"properties":{"osmId":13873534601,"osmType":"node","operator":"City of Brampton","brand":"Genetec","direction":316,"surveillanceZone":"traffic","mountType":"traffic_signals","osmTimestamp":"2026-05-24T18:30:47Z","osmVersion":1}},{"type":"Feature","geometry":{"type":"Point","coordinates":[-79.7229242,43.6755746]},"properties":{"osmId":13873534602,"osmType":"node","operator":"City of Brampton","brand":"Genetec","direction":43,"surveillanceZone":"traffic","mountType":"traffic_signals","osmTimestamp":"2026-05-24T18:31:06Z","osmVersion":1}},{"type":"Feature","geometry":{"type":"Point","coordinates":[-79.7227964,43.6758624]},"properties":{"osmId":13873543401,"osmType":"node","operator":"City of Brampton","brand":"Genetec","direction":131,"surveillanceZone":"traffic","mountType":"traffic_signals","osmTimestamp":"2026-05-24T18:31:19Z","osmVersion":1}},{"type":"Feature","geometry":{"type":"Point","coordinates":[-79.7434332,43.6564993]},"properties":{"osmId":13873591801,"osmType":"node","operator":"City of Brampton","brand":"Genetec","direction":224,"surveillanceZone":"traffic","mountType":"traffic_signals","osmTimestamp":"2026-05-24T18:37:19Z","osmVersion":1}},{"type":"Feature","geometry":{"type":"Point","coordinates":[-79.7439933,43.6563671]},"properties":{"osmId":13873591802,"osmType":"node","operator":"City of Brampton","brand":"Genetec","direction":50,"surveillanceZone":"traffic","mountType":"traffic_signals","osmTimestamp":"2026-05-24T18:37:52Z","osmVersion":1}},{"type":"Feature","geometry":{"type":"Point","coordinates":[-79.7435614,43.6562413]},"properties":{"osmId":13873592101,"osmType":"node","operator":"City of Brampton","brand":"Genetec","direction":307,"surveillanceZone":"traffic","mountType":"traffic_signals","osmTimestamp":"2026-05-24T18:37:35Z","osmVersion":1}},{"type":"Feature","geometry":{"type":"Point","coordinates":[-79.7438853,43.6566817]},"properties":{"osmId":13873592102,"osmType":"node","operator":"City of Brampton","brand":"Genetec","direction":128,"surveillanceZone":"traffic","mountType":"traffic_signals","osmTimestamp":"2026-05-24T18:38:16Z","osmVersion":1}},{"type":"Feature","geometry":{"type":"Point","coordinates":[-79.754626,43.647057]},"properties":{"osmId":13873592103,"osmType":"node","operator":"City of Brampton","brand":"Genetec","direction":139,"surveillanceZone":"traffic","mountType":"traffic_signals","osmTimestamp":"2026-05-24T18:40:19Z","osmVersion":1}},{"type":"Feature","geometry":{"type":"Point","coordinates":[-79.7541675,43.6469368]},"properties":{"osmId":13873592104,"osmType":"node","operator":"City of Brampton","brand":"Genetec","direction":225,"surveillanceZone":"traffic","mountType":"traffic_signals","osmTimestamp":"2026-05-24T18:40:33Z","osmVersion":1}},{"type":"Feature","geometry":{"type":"Point","coordinates":[-79.7544006,43.6465758]},"properties":{"osmId":13873592105,"osmType":"node","operator":"City of Brampton","brand":"Genetec","direction":318,"surveillanceZone":"traffic","mountType":"traffic_signals","osmTimestamp":"2026-05-24T18:40:47Z","osmVersion":1}},{"type":"Feature","geometry":{"type":"Point","coordinates":[-79.7547646,43.646721]},"properties":{"osmId":13873594801,"osmType":"node","operator":"City of Brampton","brand":"Genetec","direction":47,"surveillanceZone":"traffic","mountType":"traffic_signals","osmTimestamp":"2026-05-24T18:39:52Z","osmVersion":1}},{"type":"Feature","geometry":{"type":"Point","coordinates":[-79.8458026,43.6967295]},"properties":{"osmId":13879289501,"osmType":"node","operator":"City of Brampton","brand":"Genetec","direction":222,"surveillanceZone":"traffic","mountType":"traffic_signals","osmTimestamp":"2026-05-25T23:50:09Z","osmVersion":1}},{"type":"Feature","geometry":{"type":"Point","coordinates":[-79.8461916,43.696809]},"properties":{"osmId":13879289502,"osmType":"node","operator":"City of Brampton","brand":"Genetec","direction":137,"surveillanceZone":"traffic","mountType":"traffic_signals","osmTimestamp":"2026-05-25T23:51:11Z","osmVersion":1}},{"type":"Feature","geometry":{"type":"Point","coordinates":[-79.8458708,43.6963754]},"properties":{"osmId":13879290301,"osmType":"node","operator":"City of Brampton","brand":"Genetec","direction":313,"surveillanceZone":"traffic","mountType":"traffic_signals","osmTimestamp":"2026-05-25T23:50:39Z","osmVersion":1}},{"type":"Feature","geometry":{"type":"Point","coordinates":[-79.8462987,43.6964572]},"properties":{"osmId":13879290501,"osmType":"node","operator":"City of Brampton","brand":"Genetec","direction":39,"surveillanceZone":"traffic","mountType":"traffic_signals","osmTimestamp":"2026-05-25T23:50:54Z","osmVersion":1}},{"type":"Feature","geometry":{"type":"Point","coordinates":[-79.7546885,43.7345793]},"properties":{"osmId":13896303501,"osmType":"node","operator":"City of Brampton","brand":"Genetec","direction":316,"surveillanceZone":"traffic","mountType":"traffic_signals","osmTimestamp":"2026-05-30T15:24:54Z","osmVersion":1}},{"type":"Feature","geometry":{"type":"Point","coordinates":[-79.7550284,43.7347286]},"properties":{"osmId":13896304201,"osmType":"node","operator":"City of Brampton","brand":"Genetec","direction":41,"surveillanceZone":"traffic","mountType":"traffic_signals","osmTimestamp":"2026-05-30T15:25:18Z","osmVersion":1}},{"type":"Feature","geometry":{"type":"Point","coordinates":[-79.7548966,43.7349937]},"properties":{"osmId":13896361001,"osmType":"node","operator":"City of Brampton","brand":"Genetec","direction":128,"surveillanceZone":"traffic","mountType":"traffic_signals","osmTimestamp":"2026-05-30T15:30:18Z","osmVersion":1}},{"type":"Feature","geometry":{"type":"Point","coordinates":[-79.7545543,43.7348433]},"properties":{"osmId":13896371101,"osmType":"node","operator":"City of Brampton","brand":"Genetec","direction":223,"surveillanceZone":"traffic","mountType":"traffic_signals","osmTimestamp":"2026-05-30T15:30:58Z","osmVersion":1}},{"type":"Feature","geometry":{"type":"Point","coordinates":[-79.7440869,43.7442068]},"properties":{"osmId":13896436702,"osmType":"node","operator":"City of Brampton","brand":"Genetec","direction":314,"surveillanceZone":"traffic","mountType":"traffic_signals","osmTimestamp":"2026-05-30T15:38:52Z","osmVersion":1}},{"type":"Feature","geometry":{"type":"Point","coordinates":[-79.7440022,43.744433]},"properties":{"osmId":13896493301,"osmType":"node","operator":"City of Brampton","brand":"Genetec","direction":227,"surveillanceZone":"traffic","mountType":"traffic_signals","osmTimestamp":"2026-05-30T15:38:11Z","osmVersion":1}},{"type":"Feature","geometry":{"type":"Point","coordinates":[-79.7443402,43.7445905]},"properties":{"osmId":13896981302,"osmType":"node","operator":"City of Brampton","brand":"Genetec","direction":141,"surveillanceZone":"traffic","mountType":"traffic_signals","osmTimestamp":"2026-05-30T16:17:29Z","osmVersion":1}},{"type":"Feature","geometry":{"type":"Point","coordinates":[-79.7445073,43.744274]},"properties":{"osmId":13896987001,"osmType":"node","operator":"City of Brampton","brand":"Genetec","direction":45,"surveillanceZone":"traffic","mountType":"traffic_signals","osmTimestamp":"2026-05-30T16:16:52Z","osmVersion":1}},{"type":"Feature","geometry":{"type":"Point","coordinates":[-79.7342748,43.7542609]},"properties":{"osmId":13896998201,"osmType":"node","operator":"City of Brampton","brand":"Genetec","direction":49,"surveillanceZone":"traffic","mountType":"traffic_signals","osmTimestamp":"2026-05-30T16:19:24Z","osmVersion":1}},{"type":"Feature","geometry":{"type":"Point","coordinates":[-79.7226369,43.7632696]},"properties":{"osmId":13896998202,"osmType":"node","operator":"City of Brampton","brand":"Genetec","direction":53,"surveillanceZone":"traffic","mountType":"traffic_signals","osmTimestamp":"2026-05-30T16:23:04Z","osmVersion":1}},{"type":"Feature","geometry":{"type":"Point","coordinates":[-79.7341253,43.7546303]},"properties":{"osmId":13897003001,"osmType":"node","operator":"City of Brampton","brand":"Genetec","direction":138,"surveillanceZone":"traffic","mountType":"traffic_signals","osmTimestamp":"2026-05-30T16:19:50Z","osmVersion":1}},{"type":"Feature","geometry":{"type":"Point","coordinates":[-79.7223183,43.7631249]},"properties":{"osmId":13897003002,"osmType":"node","operator":"City of Brampton","brand":"Genetec","direction":312,"surveillanceZone":"traffic","mountType":"traffic_signals","osmTimestamp":"2026-05-30T16:21:54Z","osmVersion":1}},{"type":"Feature","geometry":{"type":"Point","coordinates":[-79.7224868,43.763546]},"properties":{"osmId":13897003005,"osmType":"node","operator":"City of Brampton","brand":"Genetec","direction":137,"surveillanceZone":"traffic","mountType":"traffic_signals","osmTimestamp":"2026-05-30T16:23:40Z","osmVersion":1}},{"type":"Feature","geometry":{"type":"Point","coordinates":[-79.7336702,43.7545228]},"properties":{"osmId":13897014201,"osmType":"node","operator":"City of Brampton","brand":"Genetec","direction":224,"surveillanceZone":"traffic","mountType":"traffic_signals","osmTimestamp":"2026-05-30T16:20:41Z","osmVersion":1}},{"type":"Feature","geometry":{"type":"Point","coordinates":[-79.7337703,43.7541779]},"properties":{"osmId":13897018001,"osmType":"node","operator":"City of Brampton","brand":"Genetec","direction":306,"surveillanceZone":"traffic","mountType":"traffic_signals","osmTimestamp":"2026-05-30T16:20:58Z","osmVersion":1}},{"type":"Feature","geometry":{"type":"Point","coordinates":[-79.7221688,43.7633936]},"properties":{"osmId":13897026501,"osmType":"node","operator":"City of Brampton","brand":"Genetec","direction":228,"surveillanceZone":"traffic","mountType":"traffic_signals","osmTimestamp":"2026-05-30T16:21:33Z","osmVersion":1}},{"type":"Feature","geometry":{"type":"Point","coordinates":[-79.7006258,43.7826408]},"properties":{"osmId":13897132608,"osmType":"node","operator":"City of Brampton","brand":"Genetec","direction":136,"surveillanceZone":"traffic","mountType":"traffic_signals","osmTimestamp":"2026-05-30T17:06:55Z","osmVersion":1}},{"type":"Feature","geometry":{"type":"Point","coordinates":[-79.7002254,43.7821328]},"properties":{"osmId":13897135202,"osmType":"node","operator":"City of Brampton","brand":"Genetec","direction":318,"surveillanceZone":"traffic","mountType":"traffic_signals","osmTimestamp":"2026-05-30T17:05:59Z","osmVersion":1}},{"type":"Feature","geometry":{"type":"Point","coordinates":[-79.7001079,43.7825049]},"properties":{"osmId":13897139201,"osmType":"node","operator":"City of Brampton","brand":"Genetec","direction":228,"surveillanceZone":"traffic","mountType":"traffic_signals","osmTimestamp":"2026-05-30T17:06:18Z","osmVersion":1}},{"type":"Feature","geometry":{"type":"Point","coordinates":[-79.7007057,43.7822378]},"properties":{"osmId":13897145801,"osmType":"node","operator":"City of Brampton","brand":"Genetec","direction":45,"surveillanceZone":"traffic","mountType":"traffic_signals","osmTimestamp":"2026-05-30T17:07:57Z","osmVersion":1}},{"type":"Feature","geometry":{"type":"Point","coordinates":[-79.6690091,43.7234974]},"properties":{"osmId":13897489503,"osmType":"node","operator":"City of Brampton","brand":"Genetec","direction":314,"surveillanceZone":"traffic","mountType":"traffic_signals","osmTimestamp":"2026-05-30T19:37:50Z","osmVersion":1}},{"type":"Feature","geometry":{"type":"Point","coordinates":[-79.669396,43.7236702]},"properties":{"osmId":13897489504,"osmType":"node","operator":"City of Brampton","brand":"Genetec","direction":45,"surveillanceZone":"traffic","mountType":"traffic_signals","osmTimestamp":"2026-05-30T19:38:03Z","osmVersion":1}},{"type":"Feature","geometry":{"type":"Point","coordinates":[-79.6688995,43.7237834]},"properties":{"osmId":13897495801,"osmType":"node","operator":"City of Brampton","brand":"Genetec","direction":227,"surveillanceZone":"traffic","mountType":"traffic_signals","osmTimestamp":"2026-05-30T19:37:30Z","osmVersion":1}},{"type":"Feature","geometry":{"type":"Point","coordinates":[-79.669239,43.7239395]},"properties":{"osmId":13897495902,"osmType":"node","operator":"City of Brampton","brand":"Genetec","direction":131,"surveillanceZone":"traffic","mountType":"traffic_signals","osmTimestamp":"2026-05-30T19:38:43Z","osmVersion":1}},{"type":"Feature","geometry":{"type":"Point","coordinates":[-79.6955192,43.7436075]},"properties":{"osmId":13897497402,"osmType":"node","operator":"City of Brampton","brand":"Genetec","direction":219,"surveillanceZone":"traffic","mountType":"traffic_signals","osmTimestamp":"2026-05-30T19:41:27Z","osmVersion":1}},{"type":"Feature","geometry":{"type":"Point","coordinates":[-79.6957466,43.7433113]},"properties":{"osmId":13897504101,"osmType":"node","operator":"City of Brampton","brand":"Genetec","direction":316,"surveillanceZone":"traffic","mountType":"traffic_signals","osmTimestamp":"2026-05-30T19:40:39Z","osmVersion":1}},{"type":"Feature","geometry":{"type":"Point","coordinates":[-79.6961923,43.7434203]},"properties":{"osmId":13897504201,"osmType":"node","operator":"City of Brampton","brand":"Genetec","direction":42,"surveillanceZone":"traffic","mountType":"traffic_signals","osmTimestamp":"2026-05-30T19:40:55Z","osmVersion":1}},{"type":"Feature","geometry":{"type":"Point","coordinates":[-79.6959079,43.7437635]},"properties":{"osmId":13897504202,"osmType":"node","operator":"City of Brampton","brand":"Genetec","direction":136,"surveillanceZone":"traffic","mountType":"traffic_signals","osmTimestamp":"2026-05-30T19:41:13Z","osmVersion":1}},{"type":"Feature","geometry":{"type":"Point","coordinates":[-79.7176364,43.7244672]},"properties":{"osmId":13897521301,"osmType":"node","operator":"City of Brampton","brand":"Genetec","direction":43,"surveillanceZone":"traffic","mountType":"traffic_signals","osmTimestamp":"2026-05-30T19:46:49Z","osmVersion":1}},{"type":"Feature","geometry":{"type":"Point","coordinates":[-79.717574,43.7246522]},"properties":{"osmId":13897521401,"osmType":"node","operator":"City of Brampton","brand":"Genetec","direction":138,"surveillanceZone":"traffic","mountType":"traffic_signals","osmTimestamp":"2026-05-30T19:47:01Z","osmVersion":1}},{"type":"Feature","geometry":{"type":"Point","coordinates":[-79.7172567,43.724501]},"properties":{"osmId":13897521402,"osmType":"node","operator":"City of Brampton","brand":"Genetec","direction":229,"surveillanceZone":"traffic","mountType":"traffic_signals","osmTimestamp":"2026-05-30T19:47:14Z","osmVersion":1}},{"type":"Feature","geometry":{"type":"Point","coordinates":[-79.7173197,43.7243075]},"properties":{"osmId":13897521501,"osmType":"node","operator":"City of Brampton","brand":"Genetec","direction":314,"surveillanceZone":"traffic","mountType":"traffic_signals","osmTimestamp":"2026-05-30T19:47:29Z","osmVersion":1}},{"type":"Feature","geometry":{"type":"Point","coordinates":[-79.7804259,43.7363201]},"properties":{"osmId":13908364443,"osmType":"node","brand":"Genetec","direction":270,"surveillanceZone":"traffic","osmTimestamp":"2026-07-19T21:38:43Z","osmVersion":2}},{"type":"Feature","geometry":{"type":"Point","coordinates":[-81.1103448,46.4363998]},"properties":{"osmId":13923073941,"osmType":"node","operator":"Greater Sudbury Police Service","brand":"Dahua Technology","direction":225,"surveillanceZone":"traffic","osmTimestamp":"2026-06-09T13:47:49Z","osmVersion":1}},{"type":"Feature","geometry":{"type":"Point","coordinates":[-80.9845615,46.4411284]},"properties":{"osmId":13923073957,"osmType":"node","operator":"Greater Sudbury Police Service","brand":"Dahua Technology","surveillanceZone":"traffic","osmTimestamp":"2026-06-09T13:58:06Z","osmVersion":1}},{"type":"Feature","geometry":{"type":"Point","coordinates":[-81.0031289,46.4515245]},"properties":{"osmId":13923094626,"osmType":"node","operator":"Greater Sudbury Police Service","brand":"Dahua Technology","surveillanceZone":"traffic","osmTimestamp":"2026-06-09T13:33:05Z","osmVersion":1}},{"type":"Feature","geometry":{"type":"Point","coordinates":[-80.9178271,46.5220404]},"properties":{"osmId":13923113041,"osmType":"node","operator":"Greater Sudbury Police Service","brand":"Dahua Technology","surveillanceZone":"traffic","osmTimestamp":"2026-06-09T13:51:04Z","osmVersion":1}},{"type":"Feature","geometry":{"type":"Point","coordinates":[-80.9441961,46.5055356]},"properties":{"osmId":13923122107,"osmType":"node","operator":"Greater Sudbury Police Service","brand":"Dahua Technology","surveillanceZone":"traffic","osmTimestamp":"2026-06-09T13:53:11Z","osmVersion":1}},{"type":"Feature","geometry":{"type":"Point","coordinates":[-80.902282,46.4935946]},"properties":{"osmId":13923132745,"osmType":"node","operator":"Greater Sudbury Police Service","brand":"Dahua Technology","direction":270,"surveillanceZone":"traffic","osmTimestamp":"2026-06-09T14:02:33Z","osmVersion":1}},{"type":"Feature","geometry":{"type":"Point","coordinates":[-80.9891093,46.4895715]},"properties":{"osmId":13923138918,"osmType":"node","operator":"Greater Sudbury Police Service","brand":"Dahua Technology","surveillanceZone":"traffic","osmTimestamp":"2026-06-09T13:54:50Z","osmVersion":1}},{"type":"Feature","geometry":{"type":"Point","coordinates":[-81.0374529,46.4711886]},"properties":{"osmId":13923155060,"osmType":"node","operator":"Greater Sudbury Police Service","brand":"Dahua Technology","direction":300,"directions":[300,120],"surveillanceZone":"traffic","osmTimestamp":"2026-06-09T14:08:59Z","osmVersion":1}},{"type":"Feature","geometry":{"type":"Point","coordinates":[-81.1393081,46.4195261]},"properties":{"osmId":13923157124,"osmType":"node","operator":"Greater Sudbury Police Service","brand":"Dahua Technology","surveillanceZone":"traffic","osmTimestamp":"2026-06-09T14:05:24Z","osmVersion":1}},{"type":"Feature","geometry":{"type":"Point","coordinates":[-79.4596007,44.2463601]},"properties":{"osmId":13927706349,"osmType":"node","operator":"York Regional Police","surveillanceZone":"traffic","osmTimestamp":"2026-06-11T03:11:11Z","osmVersion":1}},{"type":"Feature","geometry":{"type":"Point","coordinates":[-79.4648975,44.2452141]},"properties":{"osmId":13927706350,"osmType":"node","operator":"York Regional Police","surveillanceZone":"traffic","osmTimestamp":"2026-06-11T03:11:11Z","osmVersion":1}},{"type":"Feature","geometry":{"type":"Point","coordinates":[-79.4745999,44.2411478]},"properties":{"osmId":13927706351,"osmType":"node","operator":"York Regional Police","surveillanceZone":"traffic","osmTimestamp":"2026-06-11T03:11:11Z","osmVersion":1}},{"type":"Feature","geometry":{"type":"Point","coordinates":[-79.4644383,43.9867256]},"properties":{"osmId":13927754151,"osmType":"node","operator":"York Regional Police","surveillanceZone":"traffic","osmTimestamp":"2026-06-11T03:06:35Z","osmVersion":1}},{"type":"Feature","geometry":{"type":"Point","coordinates":[-79.4676017,43.9996718]},"properties":{"osmId":13927754152,"osmType":"node","operator":"York Regional Police","surveillanceZone":"traffic","osmTimestamp":"2026-06-11T03:06:35Z","osmVersion":1}},{"type":"Feature","geometry":{"type":"Point","coordinates":[-79.4961523,44.0020713]},"properties":{"osmId":13927764380,"osmType":"node","operator":"York Regional Police","surveillanceZone":"traffic","osmTimestamp":"2026-06-11T03:47:24Z","osmVersion":1}},{"type":"Feature","geometry":{"type":"Point","coordinates":[-79.4721498,44.0567427]},"properties":{"osmId":13927764381,"osmType":"node","operator":"York Regional Police","surveillanceZone":"traffic","osmTimestamp":"2026-06-11T03:47:24Z","osmVersion":1}},{"type":"Feature","geometry":{"type":"Point","coordinates":[-79.4264392,44.0670607]},"properties":{"osmId":13927764382,"osmType":"node","operator":"York Regional Police","surveillanceZone":"traffic","osmTimestamp":"2026-06-11T03:47:24Z","osmVersion":1}},{"type":"Feature","geometry":{"type":"Point","coordinates":[-79.4612769,44.0591552]},"properties":{"osmId":13927764383,"osmType":"node","operator":"York Regional Police","surveillanceZone":"traffic","osmTimestamp":"2026-06-11T03:47:24Z","osmVersion":1}},{"type":"Feature","geometry":{"type":"Point","coordinates":[-79.4858245,44.0539017]},"properties":{"osmId":13927764384,"osmType":"node","operator":"York Regional Police","brand":"Axon Enterprise","direction":80,"surveillanceZone":"traffic","osmTimestamp":"2026-06-11T03:47:24Z","osmVersion":1}},{"type":"Feature","geometry":{"type":"Point","coordinates":[-79.4906362,44.0525476]},"properties":{"osmId":13927764385,"osmType":"node","operator":"York Regional Police","surveillanceZone":"traffic","osmTimestamp":"2026-06-11T03:47:24Z","osmVersion":1}},{"type":"Feature","geometry":{"type":"Point","coordinates":[-79.4803785,44.055012]},"properties":{"osmId":13927764386,"osmType":"node","operator":"York Regional Police","surveillanceZone":"traffic","osmTimestamp":"2026-06-11T03:47:24Z","osmVersion":1}},{"type":"Feature","geometry":{"type":"Point","coordinates":[-79.4810991,44.0579212]},"properties":{"osmId":13927764387,"osmType":"node","operator":"York Regional Police","surveillanceZone":"traffic","osmTimestamp":"2026-06-11T03:47:24Z","osmVersion":1}},{"type":"Feature","geometry":{"type":"Point","coordinates":[-79.6548675,43.9120977]},"properties":{"osmId":13927767013,"osmType":"node","operator":"York Regional Police","surveillanceZone":"traffic","osmTimestamp":"2026-06-11T03:27:05Z","osmVersion":1}},{"type":"Feature","geometry":{"type":"Point","coordinates":[-79.6511513,43.8959019]},"properties":{"osmId":13927767014,"osmType":"node","operator":"York Regional Police","surveillanceZone":"traffic","osmTimestamp":"2026-06-11T03:27:05Z","osmVersion":1}},{"type":"Feature","geometry":{"type":"Point","coordinates":[-79.6609287,43.8958522]},"properties":{"osmId":13927767015,"osmType":"node","operator":"York Regional Police","surveillanceZone":"traffic","osmTimestamp":"2026-06-11T03:27:05Z","osmVersion":1}},{"type":"Feature","geometry":{"type":"Point","coordinates":[-79.3080997,43.8276029]},"properties":{"osmId":13927771085,"osmType":"node","operator":"York Regional Police","surveillanceZone":"traffic","osmTimestamp":"2026-06-11T03:37:16Z","osmVersion":1}},{"type":"Feature","geometry":{"type":"Point","coordinates":[-79.2543483,43.8514248]},"properties":{"osmId":13927771086,"osmType":"node","operator":"York Regional Police","brand":"Axon Enterprise","direction":340,"surveillanceZone":"traffic","osmTimestamp":"2026-06-11T03:37:16Z","osmVersion":1}},{"type":"Feature","geometry":{"type":"Point","coordinates":[-79.3339131,43.8557578]},"properties":{"osmId":13927771087,"osmType":"node","operator":"York Regional Police","surveillanceZone":"traffic","osmTimestamp":"2026-06-11T03:37:16Z","osmVersion":1}},{"type":"Feature","geometry":{"type":"Point","coordinates":[-79.3244621,43.8196618]},"properties":{"osmId":13927771088,"osmType":"node","operator":"York Regional Police","surveillanceZone":"traffic","osmTimestamp":"2026-06-11T03:37:16Z","osmVersion":1}},{"type":"Feature","geometry":{"type":"Point","coordinates":[-79.3580266,43.8498414]},"properties":{"osmId":13927771089,"osmType":"node","operator":"York Regional Police","surveillanceZone":"traffic","osmTimestamp":"2026-06-11T03:37:16Z","osmVersion":1}},{"type":"Feature","geometry":{"type":"Point","coordinates":[-79.3783052,43.8453535]},"properties":{"osmId":13927823301,"osmType":"node","operator":"York Regional Police","surveillanceZone":"traffic","osmTimestamp":"2026-06-11T03:59:42Z","osmVersion":1}},{"type":"Feature","geometry":{"type":"Point","coordinates":[-79.4157344,43.8761169]},"properties":{"osmId":13927823302,"osmType":"node","operator":"York Regional Police","surveillanceZone":"traffic","osmTimestamp":"2026-06-11T03:59:42Z","osmVersion":1}},{"type":"Feature","geometry":{"type":"Point","coordinates":[-79.3772759,43.849931]},"properties":{"osmId":13927823303,"osmType":"node","operator":"York Regional Police","surveillanceZone":"traffic","osmTimestamp":"2026-06-11T03:59:42Z","osmVersion":1}},{"type":"Feature","geometry":{"type":"Point","coordinates":[-79.4231469,43.8419785]},"properties":{"osmId":13927823304,"osmType":"node","operator":"York Regional Police","surveillanceZone":"traffic","osmTimestamp":"2026-06-11T03:59:42Z","osmVersion":1}},{"type":"Feature","geometry":{"type":"Point","coordinates":[-79.4378565,43.8743224]},"properties":{"osmId":13927837869,"osmType":"node","operator":"York Regional Police","surveillanceZone":"traffic","osmTimestamp":"2026-06-11T04:22:42Z","osmVersion":1}},{"type":"Feature","geometry":{"type":"Point","coordinates":[-79.4331006,43.853258]},"properties":{"osmId":13927837870,"osmType":"node","operator":"York Regional Police","surveillanceZone":"traffic","osmTimestamp":"2026-06-11T04:22:42Z","osmVersion":1}},{"type":"Feature","geometry":{"type":"Point","coordinates":[-79.4394235,43.8799162]},"properties":{"osmId":13927837871,"osmType":"node","operator":"York Regional Police","brand":"Axon Enterprise","direction":160,"surveillanceZone":"traffic","osmTimestamp":"2026-06-11T04:22:42Z","osmVersion":1}},{"type":"Feature","geometry":{"type":"Point","coordinates":[-79.4210762,43.801711]},"properties":{"osmId":13927837872,"osmType":"node","operator":"York Regional Police","surveillanceZone":"traffic","osmTimestamp":"2026-06-11T04:22:42Z","osmVersion":1}},{"type":"Feature","geometry":{"type":"Point","coordinates":[-79.4372285,43.871238]},"properties":{"osmId":13927837873,"osmType":"node","operator":"York Regional Police","surveillanceZone":"traffic","osmTimestamp":"2026-06-11T04:22:42Z","osmVersion":1}},{"type":"Feature","geometry":{"type":"Point","coordinates":[-79.4565874,43.9515677]},"properties":{"osmId":13927837874,"osmType":"node","operator":"York Regional Police","direction":85,"surveillanceZone":"traffic","osmTimestamp":"2026-06-11T04:22:42Z","osmVersion":1}},{"type":"Feature","geometry":{"type":"Point","coordinates":[-79.6092792,43.8260212]},"properties":{"osmId":13927855381,"osmType":"node","operator":"York Regional Police","surveillanceZone":"traffic","osmTimestamp":"2026-06-11T04:41:16Z","osmVersion":1}},{"type":"Feature","geometry":{"type":"Point","coordinates":[-79.5392563,43.8218072]},"properties":{"osmId":13927855382,"osmType":"node","operator":"York Regional Police","surveillanceZone":"traffic","osmTimestamp":"2026-06-11T04:41:16Z","osmVersion":1}},{"type":"Feature","geometry":{"type":"Point","coordinates":[-79.5440233,43.8209847]},"properties":{"osmId":13927855383,"osmType":"node","operator":"York Regional Police","surveillanceZone":"traffic","osmTimestamp":"2026-06-11T04:41:16Z","osmVersion":1}},{"type":"Feature","geometry":{"type":"Point","coordinates":[-79.6096832,43.7759695]},"properties":{"osmId":13927855384,"osmType":"node","operator":"York Regional Police","surveillanceZone":"traffic","osmTimestamp":"2026-06-11T04:41:16Z","osmVersion":1}},{"type":"Feature","geometry":{"type":"Point","coordinates":[-79.5247499,43.7940534]},"properties":{"osmId":13927855385,"osmType":"node","operator":"York Regional Police","surveillanceZone":"traffic","osmTimestamp":"2026-06-11T04:41:16Z","osmVersion":1}},{"type":"Feature","geometry":{"type":"Point","coordinates":[-79.5254032,43.7984386]},"properties":{"osmId":13927855386,"osmType":"node","operator":"York Regional Police","surveillanceZone":"traffic","osmTimestamp":"2026-06-11T04:41:16Z","osmVersion":1}},{"type":"Feature","geometry":{"type":"Point","coordinates":[-79.6576801,43.8248599]},"properties":{"osmId":13927855387,"osmType":"node","operator":"York Regional Police","surveillanceZone":"traffic","osmTimestamp":"2026-06-11T04:41:16Z","osmVersion":1}},{"type":"Feature","geometry":{"type":"Point","coordinates":[-79.5414666,43.8480951]},"properties":{"osmId":13927855388,"osmType":"node","operator":"York Regional Police","surveillanceZone":"traffic","osmTimestamp":"2026-06-11T04:41:16Z","osmVersion":1}},{"type":"Feature","geometry":{"type":"Point","coordinates":[-79.5353326,43.8426357]},"properties":{"osmId":13927855389,"osmType":"node","operator":"York Regional Police","brand":"Axon Enterprise","direction":345,"directions":[345,165],"surveillanceZone":"traffic","osmTimestamp":"2026-06-11T04:41:16Z","osmVersion":1}},{"type":"Feature","geometry":{"type":"Point","coordinates":[-79.5357716,43.8300721]},"properties":{"osmId":13927855390,"osmType":"node","operator":"York Regional Police","surveillanceZone":"traffic","osmTimestamp":"2026-06-11T04:41:16Z","osmVersion":1}},{"type":"Feature","geometry":{"type":"Point","coordinates":[-79.5390607,43.829536]},"properties":{"osmId":13927855391,"osmType":"node","operator":"York Regional Police","surveillanceZone":"traffic","osmTimestamp":"2026-06-11T04:41:16Z","osmVersion":1}},{"type":"Feature","geometry":{"type":"Point","coordinates":[-79.5477233,43.7891378]},"properties":{"osmId":13927855392,"osmType":"node","operator":"York Regional Police","surveillanceZone":"traffic","osmTimestamp":"2026-06-11T04:41:16Z","osmVersion":1}},{"type":"Feature","geometry":{"type":"Point","coordinates":[-84.2331663,46.5397625]},"properties":{"osmId":13927873613,"osmType":"node","operator":"Sault Ste. Marie Police Service","direction":60,"directions":[60,240],"surveillanceZone":"traffic","osmTimestamp":"2026-06-11T05:19:00Z","osmVersion":1}},{"type":"Feature","geometry":{"type":"Point","coordinates":[-84.2948318,46.5979197]},"properties":{"osmId":13927903858,"osmType":"node","operator":"Sault Ste. Marie Police Service","direction":195,"surveillanceZone":"traffic","osmTimestamp":"2026-06-11T05:34:22Z","osmVersion":1}},{"type":"Feature","geometry":{"type":"Point","coordinates":[-84.2945479,46.5978615]},"properties":{"osmId":13927903859,"osmType":"node","operator":"Sault Ste. Marie Police Service","direction":20,"directions":[20,120],"surveillanceZone":"traffic","osmTimestamp":"2026-06-11T05:34:22Z","osmVersion":1}},{"type":"Feature","geometry":{"type":"Point","coordinates":[-79.8310615,43.3464288]},"properties":{"osmId":13929214401,"osmType":"node","brand":"Flock Safety","direction":177,"surveillanceZone":"traffic","osmTimestamp":"2026-06-11T15:31:51Z","osmVersion":1}},{"type":"Feature","geometry":{"type":"Point","coordinates":[-79.7600216,43.7301879]},"properties":{"osmId":13938753403,"osmType":"node","operator":"City of Brampton","brand":"Genetec","direction":37,"surveillanceZone":"traffic","mountType":"traffic_signals","osmTimestamp":"2026-06-14T16:46:49Z","osmVersion":1}},{"type":"Feature","geometry":{"type":"Point","coordinates":[-79.7768074,43.7158276]},"properties":{"osmId":13938753404,"osmType":"node","operator":"City of Brampton","brand":"Genetec","direction":42,"surveillanceZone":"traffic","mountType":"traffic_signals","osmTimestamp":"2026-06-14T16:48:31Z","osmVersion":1}},{"type":"Feature","geometry":{"type":"Point","coordinates":[-79.7599746,43.7304235]},"properties":{"osmId":13938754702,"osmType":"node","operator":"City of Brampton","brand":"Genetec","direction":130,"surveillanceZone":"traffic","mountType":"traffic_signals","osmTimestamp":"2026-06-14T16:46:27Z","osmVersion":1}},{"type":"Feature","geometry":{"type":"Point","coordinates":[-79.7595981,43.7302971]},"properties":{"osmId":13938754704,"osmType":"node","operator":"City of Brampton","brand":"Genetec","direction":226,"surveillanceZone":"traffic","mountType":"traffic_signals","osmTimestamp":"2026-06-14T16:47:26Z","osmVersion":1}},{"type":"Feature","geometry":{"type":"Point","coordinates":[-79.7595739,43.7300327]},"properties":{"osmId":13938759001,"osmType":"node","operator":"City of Brampton","brand":"Genetec","direction":312,"surveillanceZone":"traffic","mountType":"traffic_signals","osmTimestamp":"2026-06-14T16:47:41Z","osmVersion":1}},{"type":"Feature","geometry":{"type":"Point","coordinates":[-79.7763892,43.7159298]},"properties":{"osmId":13938759002,"osmType":"node","operator":"City of Brampton","brand":"Genetec","direction":223,"surveillanceZone":"traffic","mountType":"traffic_signals","osmTimestamp":"2026-06-14T16:48:56Z","osmVersion":1}},{"type":"Feature","geometry":{"type":"Point","coordinates":[-79.7767196,43.7160752]},"properties":{"osmId":13938760301,"osmType":"node","operator":"City of Brampton","brand":"Genetec","direction":133,"surveillanceZone":"traffic","mountType":"traffic_signals","osmTimestamp":"2026-06-14T16:48:44Z","osmVersion":1}},{"type":"Feature","geometry":{"type":"Point","coordinates":[-79.7764802,43.7156966]},"properties":{"osmId":13938761101,"osmType":"node","operator":"City of Brampton","brand":"Genetec","direction":313,"surveillanceZone":"traffic","mountType":"traffic_signals","osmTimestamp":"2026-06-14T16:49:11Z","osmVersion":1}},{"type":"Feature","geometry":{"type":"Point","coordinates":[-80.147851,43.4434835]},"properties":{"osmId":13946035101,"osmType":"node","brand":"Flock Safety","direction":326,"surveillanceZone":"traffic","osmTimestamp":"2026-06-16T17:56:12Z","osmVersion":1}},{"type":"Feature","geometry":{"type":"Point","coordinates":[-80.1268754,43.4282311]},"properties":{"osmId":13946035201,"osmType":"node","brand":"Flock Safety","direction":143,"surveillanceZone":"traffic","osmTimestamp":"2026-06-16T17:56:30Z","osmVersion":1}},{"type":"Feature","geometry":{"type":"Point","coordinates":[-79.8342481,43.3812187]},"properties":{"osmId":13948738583,"osmType":"node","operator":"Ministry of Transportation of Ontario","brand":"RTX Corporation","direction":135,"surveillanceZone":"traffic","osmTimestamp":"2026-06-18T00:32:07Z","osmVersion":1}},{"type":"Feature","geometry":{"type":"Point","coordinates":[-79.8322699,43.3824221]},"properties":{"osmId":13948738584,"osmType":"node","operator":"Ministry of Transportation of Ontario","brand":"RTX Corporation","direction":35,"surveillanceZone":"traffic","osmTimestamp":"2026-06-18T00:32:07Z","osmVersion":1}},{"type":"Feature","geometry":{"type":"Point","coordinates":[-79.8326413,43.3834325]},"properties":{"osmId":13948738585,"osmType":"node","operator":"Ministry of Transportation of Ontario","brand":"RTX Corporation","direction":320,"surveillanceZone":"traffic","osmTimestamp":"2026-06-18T00:32:07Z","osmVersion":1}},{"type":"Feature","geometry":{"type":"Point","coordinates":[-79.8346402,43.3837776]},"properties":{"osmId":13948738586,"osmType":"node","operator":"Ministry of Transportation of Ontario","brand":"RTX Corporation","direction":115,"surveillanceZone":"traffic","osmTimestamp":"2026-06-18T00:32:07Z","osmVersion":1}},{"type":"Feature","geometry":{"type":"Point","coordinates":[-79.834658,43.3846444]},"properties":{"osmId":13948738587,"osmType":"node","operator":"Ministry of Transportation of Ontario","brand":"RTX Corporation","direction":210,"surveillanceZone":"traffic","osmTimestamp":"2026-06-18T00:32:07Z","osmVersion":1}},{"type":"Feature","geometry":{"type":"Point","coordinates":[-79.8329576,43.3861388]},"properties":{"osmId":13948738588,"osmType":"node","operator":"Ministry of Transportation of Ontario","brand":"RTX Corporation","direction":330,"surveillanceZone":"traffic","osmTimestamp":"2026-06-18T00:32:07Z","osmVersion":1}},{"type":"Feature","geometry":{"type":"Point","coordinates":[-79.7606663,43.5515333]},"properties":{"osmId":13948745381,"osmType":"node","operator":"Ministry of Transportation of Ontario","brand":"RTX Corporation","direction":0,"surveillanceZone":"traffic","osmTimestamp":"2026-06-18T01:02:17Z","osmVersion":1}},{"type":"Feature","geometry":{"type":"Point","coordinates":[-79.7628109,43.5511958]},"properties":{"osmId":13948745382,"osmType":"node","operator":"Ministry of Transportation of Ontario","brand":"RTX Corporation","direction":95,"surveillanceZone":"traffic","osmTimestamp":"2026-06-18T01:02:17Z","osmVersion":1}},{"type":"Feature","geometry":{"type":"Point","coordinates":[-79.765238,43.5531543]},"properties":{"osmId":13948745383,"osmType":"node","operator":"Ministry of Transportation of Ontario","brand":"RTX Corporation","direction":165,"surveillanceZone":"traffic","osmTimestamp":"2026-06-18T01:02:17Z","osmVersion":1}},{"type":"Feature","geometry":{"type":"Point","coordinates":[-79.7644877,43.5524676]},"properties":{"osmId":13948745384,"osmType":"node","operator":"Ministry of Transportation of Ontario","brand":"RTX Corporation","direction":70,"surveillanceZone":"traffic","osmTimestamp":"2026-06-18T01:02:17Z","osmVersion":1}},{"type":"Feature","geometry":{"type":"Point","coordinates":[-79.761145,43.5521014]},"properties":{"osmId":13948745385,"osmType":"node","operator":"Ministry of Transportation of Ontario","brand":"RTX Corporation","direction":230,"surveillanceZone":"traffic","osmTimestamp":"2026-06-18T01:02:17Z","osmVersion":1}},{"type":"Feature","geometry":{"type":"Point","coordinates":[-79.7630932,43.5534071]},"properties":{"osmId":13948745386,"osmType":"node","operator":"Ministry of Transportation of Ontario","brand":"RTX Corporation","direction":290,"surveillanceZone":"traffic","osmTimestamp":"2026-06-18T01:02:17Z","osmVersion":1}},{"type":"Feature","geometry":{"type":"Point","coordinates":[-79.832243,43.3698706]},"properties":{"osmId":13948749074,"osmType":"node","operator":"Ministry of Transportation of Ontario","brand":"RTX Corporation","direction":0,"surveillanceZone":"traffic","osmTimestamp":"2026-06-18T00:22:43Z","osmVersion":1}},{"type":"Feature","geometry":{"type":"Point","coordinates":[-79.83251,43.3707787]},"properties":{"osmId":13948749075,"osmType":"node","operator":"Ministry of Transportation of Ontario","brand":"RTX Corporation","direction":180,"surveillanceZone":"traffic","osmTimestamp":"2026-06-18T00:22:43Z","osmVersion":1}},{"type":"Feature","geometry":{"type":"Point","coordinates":[-79.8122577,43.5849075]},"properties":{"osmId":13948778234,"osmType":"node","operator":"Ministry of Transportation of Ontario","brand":"RTX Corporation","direction":80,"surveillanceZone":"traffic","osmTimestamp":"2026-06-18T01:14:24Z","osmVersion":1}},{"type":"Feature","geometry":{"type":"Point","coordinates":[-79.809011,43.5867992]},"properties":{"osmId":13948778235,"osmType":"node","operator":"Ministry of Transportation of Ontario","brand":"RTX Corporation","direction":0,"surveillanceZone":"traffic","osmTimestamp":"2026-06-18T01:14:24Z","osmVersion":1}},{"type":"Feature","geometry":{"type":"Point","coordinates":[-79.8062123,43.595658]},"properties":{"osmId":13948778236,"osmType":"node","operator":"Ministry of Transportation of Ontario","brand":"RTX Corporation","direction":230,"surveillanceZone":"traffic","osmTimestamp":"2026-06-18T01:14:24Z","osmVersion":1}},{"type":"Feature","geometry":{"type":"Point","coordinates":[-79.803421,43.5928717]},"properties":{"osmId":13948778237,"osmType":"node","operator":"Ministry of Transportation of Ontario","brand":"RTX Corporation","direction":50,"surveillanceZone":"traffic","osmTimestamp":"2026-06-18T01:14:24Z","osmVersion":1}},{"type":"Feature","geometry":{"type":"Point","coordinates":[-79.8211693,43.4134208]},"properties":{"osmId":13948786973,"osmType":"node","operator":"Ministry of Transportation of Ontario","brand":"RTX Corporation","direction":75,"surveillanceZone":"traffic","osmTimestamp":"2026-06-18T00:36:29Z","osmVersion":1}},{"type":"Feature","geometry":{"type":"Point","coordinates":[-79.8194319,43.4143817]},"properties":{"osmId":13948786974,"osmType":"node","operator":"Ministry of Transportation of Ontario","brand":"RTX Corporation","direction":170,"surveillanceZone":"traffic","osmTimestamp":"2026-06-18T00:36:29Z","osmVersion":1}},{"type":"Feature","geometry":{"type":"Point","coordinates":[-79.8214187,43.4159238]},"properties":{"osmId":13948786975,"osmType":"node","operator":"Ministry of Transportation of Ontario","brand":"RTX Corporation","direction":165,"surveillanceZone":"traffic","osmTimestamp":"2026-06-18T00:36:29Z","osmVersion":1}},{"type":"Feature","geometry":{"type":"Point","coordinates":[-79.8209328,43.4166339]},"properties":{"osmId":13948786976,"osmType":"node","operator":"Ministry of Transportation of Ontario","brand":"RTX Corporation","direction":45,"surveillanceZone":"traffic","osmTimestamp":"2026-06-18T00:36:29Z","osmVersion":1}},{"type":"Feature","geometry":{"type":"Point","coordinates":[-79.8197091,43.417082]},"properties":{"osmId":13948786977,"osmType":"node","operator":"Ministry of Transportation of Ontario","brand":"RTX Corporation","direction":260,"surveillanceZone":"traffic","osmTimestamp":"2026-06-18T00:36:29Z","osmVersion":1}},{"type":"Feature","geometry":{"type":"Point","coordinates":[-79.8189255,43.4150241]},"properties":{"osmId":13948786978,"osmType":"node","operator":"Ministry of Transportation of Ontario","brand":"RTX Corporation","direction":355,"surveillanceZone":"traffic","osmTimestamp":"2026-06-18T00:36:29Z","osmVersion":1}},{"type":"Feature","geometry":{"type":"Point","coordinates":[-79.7675063,43.482436]},"properties":{"osmId":13948786979,"osmType":"node","operator":"Ministry of Transportation of Ontario","brand":"RTX Corporation","direction":70,"surveillanceZone":"traffic","osmTimestamp":"2026-06-18T00:49:12Z","osmVersion":1}},{"type":"Feature","geometry":{"type":"Point","coordinates":[-79.7673696,43.4843663]},"properties":{"osmId":13948786980,"osmType":"node","operator":"Ministry of Transportation of Ontario","brand":"RTX Corporation","direction":220,"surveillanceZone":"traffic","osmTimestamp":"2026-06-18T00:49:12Z","osmVersion":1}},{"type":"Feature","geometry":{"type":"Point","coordinates":[-79.7639819,43.4851899]},"properties":{"osmId":13948786981,"osmType":"node","operator":"Ministry of Transportation of Ontario","brand":"RTX Corporation","direction":30,"surveillanceZone":"traffic","osmTimestamp":"2026-06-18T00:49:12Z","osmVersion":1}},{"type":"Feature","geometry":{"type":"Point","coordinates":[-79.7645122,43.4865203]},"properties":{"osmId":13948786982,"osmType":"node","operator":"Ministry of Transportation of Ontario","brand":"RTX Corporation","direction":225,"surveillanceZone":"traffic","osmTimestamp":"2026-06-18T00:49:12Z","osmVersion":1}},{"type":"Feature","geometry":{"type":"Point","coordinates":[-79.808374,43.4252294]},"properties":{"osmId":13948790504,"osmType":"node","operator":"Ministry of Transportation of Ontario","brand":"RTX Corporation","direction":40,"surveillanceZone":"traffic","osmTimestamp":"2026-06-18T00:39:15Z","osmVersion":1}},{"type":"Feature","geometry":{"type":"Point","coordinates":[-79.7491107,43.5068587]},"properties":{"osmId":13948791417,"osmType":"node","operator":"Ministry of Transportation of Ontario","brand":"RTX Corporation","direction":65,"surveillanceZone":"traffic","osmTimestamp":"2026-06-18T00:52:26Z","osmVersion":1}},{"type":"Feature","geometry":{"type":"Point","coordinates":[-79.7482112,43.507393]},"properties":{"osmId":13948791418,"osmType":"node","operator":"Ministry of Transportation of Ontario","brand":"RTX Corporation","direction":325,"surveillanceZone":"traffic","osmTimestamp":"2026-06-18T00:52:26Z","osmVersion":1}},{"type":"Feature","geometry":{"type":"Point","coordinates":[-79.7489308,43.5089803]},"properties":{"osmId":13948791419,"osmType":"node","operator":"Ministry of Transportation of Ontario","brand":"RTX Corporation","direction":185,"surveillanceZone":"traffic","osmTimestamp":"2026-06-18T00:52:26Z","osmVersion":1}},{"type":"Feature","geometry":{"type":"Point","coordinates":[-79.74667,43.5088237]},"properties":{"osmId":13948791420,"osmType":"node","operator":"Ministry of Transportation of Ontario","brand":"RTX Corporation","direction":5,"surveillanceZone":"traffic","osmTimestamp":"2026-06-18T00:52:26Z","osmVersion":1}},{"type":"Feature","geometry":{"type":"Point","coordinates":[-79.7485613,43.5101965]},"properties":{"osmId":13948791421,"osmType":"node","operator":"Ministry of Transportation of Ontario","brand":"RTX Corporation","direction":45,"surveillanceZone":"traffic","osmTimestamp":"2026-06-18T00:52:26Z","osmVersion":1}},{"type":"Feature","geometry":{"type":"Point","coordinates":[-79.746817,43.5107324]},"properties":{"osmId":13948791422,"osmType":"node","operator":"Ministry of Transportation of Ontario","brand":"RTX Corporation","direction":250,"surveillanceZone":"traffic","osmTimestamp":"2026-06-18T00:52:26Z","osmVersion":1}},{"type":"Feature","geometry":{"type":"Point","coordinates":[-79.7329813,43.5209385]},"properties":{"osmId":13948792228,"osmType":"node","operator":"Ministry of Transportation of Ontario","brand":"RTX Corporation","direction":45,"surveillanceZone":"traffic","osmTimestamp":"2026-06-18T00:58:21Z","osmVersion":1}},{"type":"Feature","geometry":{"type":"Point","coordinates":[-79.7326864,43.5224307]},"properties":{"osmId":13948792229,"osmType":"node","operator":"Ministry of Transportation of Ontario","brand":"RTX Corporation","direction":200,"surveillanceZone":"traffic","osmTimestamp":"2026-06-18T00:58:21Z","osmVersion":1}},{"type":"Feature","geometry":{"type":"Point","coordinates":[-79.7338952,43.5317429]},"properties":{"osmId":13948792230,"osmType":"node","operator":"Ministry of Transportation of Ontario","brand":"RTX Corporation","direction":150,"surveillanceZone":"traffic","osmTimestamp":"2026-06-18T00:58:21Z","osmVersion":1}},{"type":"Feature","geometry":{"type":"Point","coordinates":[-79.7315747,43.5315914]},"properties":{"osmId":13948792231,"osmType":"node","operator":"Ministry of Transportation of Ontario","brand":"RTX Corporation","direction":300,"surveillanceZone":"traffic","osmTimestamp":"2026-06-18T00:58:21Z","osmVersion":1}},{"type":"Feature","geometry":{"type":"Point","coordinates":[-79.7908926,43.4425921]},"properties":{"osmId":13948795839,"osmType":"node","operator":"Ministry of Transportation of Ontario","brand":"RTX Corporation","direction":45,"surveillanceZone":"traffic","osmTimestamp":"2026-06-18T00:46:13Z","osmVersion":1}},{"type":"Feature","geometry":{"type":"Point","coordinates":[-79.7898213,43.4436538]},"properties":{"osmId":13948795840,"osmType":"node","operator":"Ministry of Transportation of Ontario","brand":"RTX Corporation","direction":320,"surveillanceZone":"traffic","osmTimestamp":"2026-06-18T00:46:13Z","osmVersion":1}},{"type":"Feature","geometry":{"type":"Point","coordinates":[-79.7913529,43.4438035]},"properties":{"osmId":13948795841,"osmType":"node","operator":"Ministry of Transportation of Ontario","brand":"RTX Corporation","direction":190,"surveillanceZone":"traffic","osmTimestamp":"2026-06-18T00:46:13Z","osmVersion":1}},{"type":"Feature","geometry":{"type":"Point","coordinates":[-79.7887764,43.4458454]},"properties":{"osmId":13948795842,"osmType":"node","operator":"Ministry of Transportation of Ontario","brand":"RTX Corporation","direction":5,"surveillanceZone":"traffic","osmTimestamp":"2026-06-18T00:46:13Z","osmVersion":1}},{"type":"Feature","geometry":{"type":"Point","coordinates":[-79.7898898,43.4468745]},"properties":{"osmId":13948795843,"osmType":"node","operator":"Ministry of Transportation of Ontario","brand":"RTX Corporation","direction":150,"surveillanceZone":"traffic","osmTimestamp":"2026-06-18T00:46:13Z","osmVersion":1}},{"type":"Feature","geometry":{"type":"Point","coordinates":[-79.7896096,43.4477127]},"properties":{"osmId":13948795844,"osmType":"node","operator":"Ministry of Transportation of Ontario","brand":"RTX Corporation","direction":220,"surveillanceZone":"traffic","osmTimestamp":"2026-06-18T00:46:13Z","osmVersion":1}},{"type":"Feature","geometry":{"type":"Point","coordinates":[-79.7876636,43.5707386]},"properties":{"osmId":13948802758,"osmType":"node","operator":"Ministry of Transportation of Ontario","brand":"RTX Corporation","direction":350,"surveillanceZone":"traffic","osmTimestamp":"2026-06-18T01:07:06Z","osmVersion":1}},{"type":"Feature","geometry":{"type":"Point","coordinates":[-79.7888392,43.5702221]},"properties":{"osmId":13948802759,"osmType":"node","operator":"Ministry of Transportation of Ontario","brand":"RTX Corporation","direction":145,"surveillanceZone":"traffic","osmTimestamp":"2026-06-18T01:07:06Z","osmVersion":1}},{"type":"Feature","geometry":{"type":"Point","coordinates":[-79.7882093,43.5714866]},"properties":{"osmId":13948802760,"osmType":"node","operator":"Ministry of Transportation of Ontario","brand":"RTX Corporation","direction":230,"surveillanceZone":"traffic","osmTimestamp":"2026-06-18T01:07:06Z","osmVersion":1}},{"type":"Feature","geometry":{"type":"Point","coordinates":[-79.7911572,43.5718923]},"properties":{"osmId":13948802761,"osmType":"node","operator":"Ministry of Transportation of Ontario","brand":"RTX Corporation","direction":95,"surveillanceZone":"traffic","osmTimestamp":"2026-06-18T01:07:06Z","osmVersion":1}},{"type":"Feature","geometry":{"type":"Point","coordinates":[-79.792342,43.5724251]},"properties":{"osmId":13948802762,"osmType":"node","operator":"Ministry of Transportation of Ontario","brand":"RTX Corporation","direction":165,"surveillanceZone":"traffic","osmTimestamp":"2026-06-18T01:07:06Z","osmVersion":1}},{"type":"Feature","geometry":{"type":"Point","coordinates":[-79.7891061,43.5727463]},"properties":{"osmId":13948802763,"osmType":"node","operator":"Ministry of Transportation of Ontario","brand":"RTX Corporation","direction":240,"surveillanceZone":"traffic","osmTimestamp":"2026-06-18T01:07:06Z","osmVersion":1}},{"type":"Feature","geometry":{"type":"Point","coordinates":[-79.7385533,43.6388216]},"properties":{"osmId":13951094386,"osmType":"node","operator":"Ministry of Transportation of Ontario","brand":"RTX Corporation","direction":80,"surveillanceZone":"traffic","osmTimestamp":"2026-06-19T02:12:37Z","osmVersion":1}},{"type":"Feature","geometry":{"type":"Point","coordinates":[-79.7375081,43.6397202]},"properties":{"osmId":13951094387,"osmType":"node","operator":"Ministry of Transportation of Ontario","brand":"RTX Corporation","direction":0,"surveillanceZone":"traffic","osmTimestamp":"2026-06-19T02:12:37Z","osmVersion":1}},{"type":"Feature","geometry":{"type":"Point","coordinates":[-79.7399115,43.6406706]},"properties":{"osmId":13951094388,"osmType":"node","operator":"Ministry of Transportation of Ontario","brand":"RTX Corporation","direction":150,"surveillanceZone":"traffic","osmTimestamp":"2026-06-19T02:12:37Z","osmVersion":1}},{"type":"Feature","geometry":{"type":"Point","coordinates":[-79.7369708,43.6422334]},"properties":{"osmId":13951094389,"osmType":"node","operator":"Ministry of Transportation of Ontario","brand":"RTX Corporation","direction":150,"surveillanceZone":"traffic","osmTimestamp":"2026-06-19T02:12:37Z","osmVersion":1}},{"type":"Feature","geometry":{"type":"Point","coordinates":[-79.7341628,43.6420808]},"properties":{"osmId":13951094390,"osmType":"node","operator":"Ministry of Transportation of Ontario","brand":"RTX Corporation","direction":0,"surveillanceZone":"traffic","osmTimestamp":"2026-06-19T02:12:37Z","osmVersion":1}},{"type":"Feature","geometry":{"type":"Point","coordinates":[-79.7361543,43.6426771]},"properties":{"osmId":13951094391,"osmType":"node","operator":"Ministry of Transportation of Ontario","brand":"RTX Corporation","direction":260,"surveillanceZone":"traffic","osmTimestamp":"2026-06-19T02:12:37Z","osmVersion":1}},{"type":"Feature","geometry":{"type":"Point","coordinates":[-79.7177556,43.6516442]},"properties":{"osmId":13951130492,"osmType":"node","operator":"Ministry of Transportation of Ontario","brand":"RTX Corporation","direction":80,"surveillanceZone":"traffic","osmTimestamp":"2026-06-19T02:14:56Z","osmVersion":1}},{"type":"Feature","geometry":{"type":"Point","coordinates":[-79.7166006,43.652195]},"properties":{"osmId":13951130493,"osmType":"node","operator":"Ministry of Transportation of Ontario","brand":"RTX Corporation","direction":300,"surveillanceZone":"traffic","osmTimestamp":"2026-06-19T02:14:56Z","osmVersion":1}},{"type":"Feature","geometry":{"type":"Point","coordinates":[-79.7179972,43.6539157]},"properties":{"osmId":13951130494,"osmType":"node","operator":"Ministry of Transportation of Ontario","brand":"RTX Corporation","direction":180,"surveillanceZone":"traffic","osmTimestamp":"2026-06-19T02:14:56Z","osmVersion":1}},{"type":"Feature","geometry":{"type":"Point","coordinates":[-79.7164261,43.6551157]},"properties":{"osmId":13951130495,"osmType":"node","operator":"Ministry of Transportation of Ontario","brand":"RTX Corporation","direction":135,"surveillanceZone":"traffic","osmTimestamp":"2026-06-19T02:14:56Z","osmVersion":1}},{"type":"Feature","geometry":{"type":"Point","coordinates":[-79.7150209,43.6541359]},"properties":{"osmId":13951130496,"osmType":"node","operator":"Ministry of Transportation of Ontario","brand":"RTX Corporation","direction":25,"surveillanceZone":"traffic","osmTimestamp":"2026-06-19T02:14:56Z","osmVersion":1}},{"type":"Feature","geometry":{"type":"Point","coordinates":[-79.7153358,43.655661]},"properties":{"osmId":13951130497,"osmType":"node","operator":"Ministry of Transportation of Ontario","brand":"RTX Corporation","direction":250,"surveillanceZone":"traffic","osmTimestamp":"2026-06-19T02:14:56Z","osmVersion":1}},{"type":"Feature","geometry":{"type":"Point","coordinates":[-79.7643547,43.6161967]},"properties":{"osmId":13951134825,"osmType":"node","operator":"Ministry of Transportation of Ontario","brand":"RTX Corporation","direction":80,"surveillanceZone":"traffic","osmTimestamp":"2026-06-19T02:09:53Z","osmVersion":1}},{"type":"Feature","geometry":{"type":"Point","coordinates":[-79.7643748,43.6175936]},"properties":{"osmId":13951134826,"osmType":"node","operator":"Ministry of Transportation of Ontario","brand":"RTX Corporation","direction":200,"surveillanceZone":"traffic","osmTimestamp":"2026-06-19T02:09:53Z","osmVersion":1}},{"type":"Feature","geometry":{"type":"Point","coordinates":[-79.7626815,43.6163991]},"properties":{"osmId":13951134827,"osmType":"node","operator":"Ministry of Transportation of Ontario","brand":"RTX Corporation","direction":330,"surveillanceZone":"traffic","osmTimestamp":"2026-06-19T02:09:53Z","osmVersion":1}},{"type":"Feature","geometry":{"type":"Point","coordinates":[-79.7606187,43.617045]},"properties":{"osmId":13951134828,"osmType":"node","operator":"Ministry of Transportation of Ontario","brand":"RTX Corporation","direction":0,"surveillanceZone":"traffic","osmTimestamp":"2026-06-19T02:09:53Z","osmVersion":1}},{"type":"Feature","geometry":{"type":"Point","coordinates":[-79.7616993,43.6187385]},"properties":{"osmId":13951134829,"osmType":"node","operator":"Ministry of Transportation of Ontario","brand":"RTX Corporation","direction":185,"surveillanceZone":"traffic","osmTimestamp":"2026-06-19T02:09:53Z","osmVersion":1}},{"type":"Feature","geometry":{"type":"Point","coordinates":[-79.7602461,43.619703]},"properties":{"osmId":13951134830,"osmType":"node","operator":"Ministry of Transportation of Ontario","brand":"RTX Corporation","direction":240,"surveillanceZone":"traffic","osmTimestamp":"2026-06-19T02:09:53Z","osmVersion":1}},{"type":"Feature","geometry":{"type":"Point","coordinates":[-79.7048406,43.6632548]},"properties":{"osmId":13951134833,"osmType":"node","operator":"Ministry of Transportation of Ontario","brand":"RTX Corporation","direction":50,"surveillanceZone":"traffic","osmTimestamp":"2026-06-19T02:20:15Z","osmVersion":1}},{"type":"Feature","geometry":{"type":"Point","coordinates":[-79.704456,43.67323]},"properties":{"osmId":13951134834,"osmType":"node","operator":"Ministry of Transportation of Ontario","brand":"RTX Corporation","direction":170,"surveillanceZone":"traffic","osmTimestamp":"2026-06-19T02:20:15Z","osmVersion":1}},{"type":"Feature","geometry":{"type":"Point","coordinates":[-79.6929213,43.6639062]},"properties":{"osmId":13951134835,"osmType":"node","operator":"Ministry of Transportation of Ontario","brand":"RTX Corporation","direction":325,"surveillanceZone":"traffic","osmTimestamp":"2026-06-19T02:20:15Z","osmVersion":1}},{"type":"Feature","geometry":{"type":"Point","coordinates":[-79.6953153,43.6768815]},"properties":{"osmId":13951134836,"osmType":"node","operator":"Ministry of Transportation of Ontario","brand":"RTX Corporation","direction":195,"surveillanceZone":"traffic","osmTimestamp":"2026-06-19T02:20:15Z","osmVersion":1}},{"type":"Feature","geometry":{"type":"Point","coordinates":[-79.6742992,43.7236695]},"properties":{"osmId":13951135211,"osmType":"node","operator":"Ministry of Transportation of Ontario","brand":"RTX Corporation","direction":30,"surveillanceZone":"traffic","osmTimestamp":"2026-06-19T02:27:22Z","osmVersion":1}},{"type":"Feature","geometry":{"type":"Point","coordinates":[-79.6754265,43.7239709]},"properties":{"osmId":13951135212,"osmType":"node","operator":"Ministry of Transportation of Ontario","brand":"RTX Corporation","direction":180,"surveillanceZone":"traffic","osmTimestamp":"2026-06-19T02:27:22Z","osmVersion":1}},{"type":"Feature","geometry":{"type":"Point","coordinates":[-79.6735739,43.7255963]},"properties":{"osmId":13951135213,"osmType":"node","operator":"Ministry of Transportation of Ontario","brand":"RTX Corporation","direction":350,"surveillanceZone":"traffic","osmTimestamp":"2026-06-19T02:27:22Z","osmVersion":1}},{"type":"Feature","geometry":{"type":"Point","coordinates":[-79.6718711,43.7272235]},"properties":{"osmId":13951135214,"osmType":"node","operator":"Ministry of Transportation of Ontario","brand":"RTX Corporation","direction":0,"surveillanceZone":"traffic","osmTimestamp":"2026-06-19T02:27:22Z","osmVersion":1}},{"type":"Feature","geometry":{"type":"Point","coordinates":[-79.6733788,43.728288]},"properties":{"osmId":13951135215,"osmType":"node","operator":"Ministry of Transportation of Ontario","brand":"RTX Corporation","direction":180,"surveillanceZone":"traffic","osmTimestamp":"2026-06-19T02:27:22Z","osmVersion":1}},{"type":"Feature","geometry":{"type":"Point","coordinates":[-79.672065,43.7295235]},"properties":{"osmId":13951135216,"osmType":"node","operator":"Ministry of Transportation of Ontario","brand":"RTX Corporation","direction":220,"surveillanceZone":"traffic","osmTimestamp":"2026-06-19T02:27:22Z","osmVersion":1}},{"type":"Feature","geometry":{"type":"Point","coordinates":[-79.6837277,43.6985405]},"properties":{"osmId":13951135836,"osmType":"node","operator":"Ministry of Transportation of Ontario","brand":"RTX Corporation","direction":0,"surveillanceZone":"traffic","osmTimestamp":"2026-06-19T02:24:35Z","osmVersion":1}},{"type":"Feature","geometry":{"type":"Point","coordinates":[-79.6821933,43.7010273]},"properties":{"osmId":13951135837,"osmType":"node","operator":"Ministry of Transportation of Ontario","brand":"RTX Corporation","direction":20,"surveillanceZone":"traffic","osmTimestamp":"2026-06-19T02:24:35Z","osmVersion":1}},{"type":"Feature","geometry":{"type":"Point","coordinates":[-79.6828905,43.7021661]},"properties":{"osmId":13951135838,"osmType":"node","operator":"Ministry of Transportation of Ontario","brand":"RTX Corporation","direction":220,"surveillanceZone":"traffic","osmTimestamp":"2026-06-19T02:24:35Z","osmVersion":1}},{"type":"Feature","geometry":{"type":"Point","coordinates":[-79.6618829,43.7345485]},"properties":{"osmId":13951135839,"osmType":"node","operator":"Ministry of Transportation of Ontario","brand":"RTX Corporation","direction":340,"surveillanceZone":"traffic","osmTimestamp":"2026-06-19T02:28:55Z","osmVersion":1}},{"type":"Feature","geometry":{"type":"Point","coordinates":[-79.6594385,43.737544]},"properties":{"osmId":13951135840,"osmType":"node","operator":"Ministry of Transportation of Ontario","brand":"RTX Corporation","direction":240,"surveillanceZone":"traffic","osmTimestamp":"2026-06-19T02:28:55Z","osmVersion":1}},{"type":"Feature","geometry":{"type":"Point","coordinates":[-79.6592272,43.7366336]},"properties":{"osmId":13951135841,"osmType":"node","operator":"Ministry of Transportation of Ontario","brand":"RTX Corporation","direction":40,"surveillanceZone":"traffic","osmTimestamp":"2026-06-19T02:28:55Z","osmVersion":1}},{"type":"Feature","geometry":{"type":"Point","coordinates":[-79.6913035,43.6848807]},"properties":{"osmId":13951143951,"osmType":"node","operator":"Ministry of Transportation of Ontario","brand":"RTX Corporation","direction":45,"surveillanceZone":"traffic","osmTimestamp":"2026-06-19T02:22:50Z","osmVersion":1}},{"type":"Feature","geometry":{"type":"Point","coordinates":[-79.6910975,43.6861263]},"properties":{"osmId":13951143952,"osmType":"node","operator":"Ministry of Transportation of Ontario","brand":"RTX Corporation","direction":350,"surveillanceZone":"traffic","osmTimestamp":"2026-06-19T02:22:50Z","osmVersion":1}},{"type":"Feature","geometry":{"type":"Point","coordinates":[-79.6921306,43.68705]},"properties":{"osmId":13951143953,"osmType":"node","operator":"Ministry of Transportation of Ontario","brand":"RTX Corporation","direction":180,"surveillanceZone":"traffic","osmTimestamp":"2026-06-19T02:22:50Z","osmVersion":1}},{"type":"Feature","geometry":{"type":"Point","coordinates":[-79.6898536,43.6872093]},"properties":{"osmId":13951143954,"osmType":"node","operator":"Ministry of Transportation of Ontario","brand":"RTX Corporation","direction":340,"surveillanceZone":"traffic","osmTimestamp":"2026-06-19T02:22:50Z","osmVersion":1}},{"type":"Feature","geometry":{"type":"Point","coordinates":[-79.6911051,43.689085]},"properties":{"osmId":13951143955,"osmType":"node","operator":"Ministry of Transportation of Ontario","brand":"RTX Corporation","direction":170,"surveillanceZone":"traffic","osmTimestamp":"2026-06-19T02:22:50Z","osmVersion":1}},{"type":"Feature","geometry":{"type":"Point","coordinates":[-79.6902429,43.6906347]},"properties":{"osmId":13951143956,"osmType":"node","operator":"Ministry of Transportation of Ontario","brand":"RTX Corporation","direction":220,"surveillanceZone":"traffic","osmTimestamp":"2026-06-19T02:22:50Z","osmVersion":1}},{"type":"Feature","geometry":{"type":"Point","coordinates":[-79.6396815,43.751077]},"properties":{"osmId":13951859741,"osmType":"node","operator":"Ministry of Transportation of Ontario","brand":"RTX Corporation","direction":40,"surveillanceZone":"traffic","osmTimestamp":"2026-06-19T11:35:02Z","osmVersion":1}},{"type":"Feature","geometry":{"type":"Point","coordinates":[-79.639199,43.7525244]},"properties":{"osmId":13951859742,"osmType":"node","operator":"Ministry of Transportation of Ontario","brand":"RTX Corporation","direction":215,"surveillanceZone":"traffic","osmTimestamp":"2026-06-19T11:35:02Z","osmVersion":1}},{"type":"Feature","geometry":{"type":"Point","coordinates":[-79.6223266,43.7558677]},"properties":{"osmId":13951859743,"osmType":"node","operator":"Ministry of Transportation of Ontario","brand":"RTX Corporation","direction":70,"surveillanceZone":"traffic","osmTimestamp":"2026-06-19T11:35:02Z","osmVersion":1}},{"type":"Feature","geometry":{"type":"Point","coordinates":[-79.6239255,43.7568618]},"properties":{"osmId":13951859744,"osmType":"node","operator":"Ministry of Transportation of Ontario","brand":"RTX Corporation","direction":240,"surveillanceZone":"traffic","osmTimestamp":"2026-06-19T11:35:02Z","osmVersion":1}},{"type":"Feature","geometry":{"type":"Point","coordinates":[-79.616801,43.7576631]},"properties":{"osmId":13951859745,"osmType":"node","operator":"Ministry of Transportation of Ontario","brand":"RTX Corporation","direction":40,"surveillanceZone":"traffic","osmTimestamp":"2026-06-19T11:35:02Z","osmVersion":1}},{"type":"Feature","geometry":{"type":"Point","coordinates":[-79.6144971,43.7578509]},"properties":{"osmId":13951859746,"osmType":"node","operator":"Ministry of Transportation of Ontario","brand":"RTX Corporation","direction":40,"surveillanceZone":"traffic","osmTimestamp":"2026-06-19T11:35:02Z","osmVersion":1}},{"type":"Feature","geometry":{"type":"Point","coordinates":[-79.6137244,43.7597547]},"properties":{"osmId":13951859747,"osmType":"node","operator":"Ministry of Transportation of Ontario","brand":"RTX Corporation","direction":280,"surveillanceZone":"traffic","osmTimestamp":"2026-06-19T11:35:02Z","osmVersion":1}},{"type":"Feature","geometry":{"type":"Point","coordinates":[-79.5726621,43.7723662]},"properties":{"osmId":13951887067,"osmType":"node","operator":"Ministry of Transportation of Ontario","brand":"RTX Corporation","direction":95,"surveillanceZone":"traffic","osmTimestamp":"2026-06-19T11:40:38Z","osmVersion":1}},{"type":"Feature","geometry":{"type":"Point","coordinates":[-79.5715822,43.7728131]},"properties":{"osmId":13951887068,"osmType":"node","operator":"Ministry of Transportation of Ontario","brand":"RTX Corporation","direction":0,"surveillanceZone":"traffic","osmTimestamp":"2026-06-19T11:40:38Z","osmVersion":1}},{"type":"Feature","geometry":{"type":"Point","coordinates":[-79.5713481,43.7755381]},"properties":{"osmId":13951887069,"osmType":"node","operator":"Ministry of Transportation of Ontario","brand":"RTX Corporation","direction":190,"surveillanceZone":"traffic","osmTimestamp":"2026-06-19T11:40:38Z","osmVersion":1}},{"type":"Feature","geometry":{"type":"Point","coordinates":[-79.5689625,43.7755453]},"properties":{"osmId":13951887070,"osmType":"node","operator":"Ministry of Transportation of Ontario","brand":"RTX Corporation","direction":280,"surveillanceZone":"traffic","osmTimestamp":"2026-06-19T11:40:38Z","osmVersion":1}},{"type":"Feature","geometry":{"type":"Point","coordinates":[-79.5694646,43.7751927]},"properties":{"osmId":13951887071,"osmType":"node","operator":"Ministry of Transportation of Ontario","brand":"RTX Corporation","direction":175,"surveillanceZone":"traffic","osmTimestamp":"2026-06-19T11:40:38Z","osmVersion":1}},{"type":"Feature","geometry":{"type":"Point","coordinates":[-79.5691569,43.7737152]},"properties":{"osmId":13951887072,"osmType":"node","operator":"Ministry of Transportation of Ontario","brand":"RTX Corporation","direction":35,"surveillanceZone":"traffic","osmTimestamp":"2026-06-19T11:40:38Z","osmVersion":1}},{"type":"Feature","geometry":{"type":"Point","coordinates":[-79.5496945,43.7797568]},"properties":{"osmId":13951888888,"osmType":"node","operator":"Ministry of Transportation of Ontario","brand":"RTX Corporation","direction":90,"surveillanceZone":"traffic","osmTimestamp":"2026-06-19T11:51:41Z","osmVersion":1}},{"type":"Feature","geometry":{"type":"Point","coordinates":[-79.5487539,43.7820345]},"properties":{"osmId":13951888889,"osmType":"node","operator":"Ministry of Transportation of Ontario","brand":"RTX Corporation","direction":225,"surveillanceZone":"traffic","osmTimestamp":"2026-06-19T11:51:41Z","osmVersion":1}},{"type":"Feature","geometry":{"type":"Point","coordinates":[-79.5448345,43.7820854]},"properties":{"osmId":13951888890,"osmType":"node","operator":"Ministry of Transportation of Ontario","brand":"RTX Corporation","direction":240,"surveillanceZone":"traffic","osmTimestamp":"2026-06-19T11:51:41Z","osmVersion":1}},{"type":"Feature","geometry":{"type":"Point","coordinates":[-79.5276632,43.7845186]},"properties":{"osmId":13951888891,"osmType":"node","operator":"Ministry of Transportation of Ontario","brand":"RTX Corporation","direction":65,"surveillanceZone":"traffic","osmTimestamp":"2026-06-19T11:51:41Z","osmVersion":1}},{"type":"Feature","geometry":{"type":"Point","coordinates":[-79.527652,43.7841304]},"properties":{"osmId":13951888892,"osmType":"node","operator":"Ministry of Transportation of Ontario","brand":"RTX Corporation","direction":90,"surveillanceZone":"traffic","osmTimestamp":"2026-06-19T11:51:41Z","osmVersion":1}},{"type":"Feature","geometry":{"type":"Point","coordinates":[-79.5255928,43.786663]},"properties":{"osmId":13951888893,"osmType":"node","operator":"Ministry of Transportation of Ontario","brand":"RTX Corporation","direction":260,"surveillanceZone":"traffic","osmTimestamp":"2026-06-19T11:51:41Z","osmVersion":1}},{"type":"Feature","geometry":{"type":"Point","coordinates":[-79.517302,43.7879277]},"properties":{"osmId":13951888894,"osmType":"node","operator":"Ministry of Transportation of Ontario","brand":"RTX Corporation","direction":250,"surveillanceZone":"traffic","osmTimestamp":"2026-06-19T11:51:41Z","osmVersion":1}},{"type":"Feature","geometry":{"type":"Point","coordinates":[-79.5183155,43.7868779]},"properties":{"osmId":13951888895,"osmType":"node","operator":"Ministry of Transportation of Ontario","brand":"RTX Corporation","direction":70,"surveillanceZone":"traffic","osmTimestamp":"2026-06-19T11:51:41Z","osmVersion":1}},{"type":"Feature","geometry":{"type":"Point","coordinates":[-79.5255563,43.7861334]},"properties":{"osmId":13951888896,"osmType":"node","operator":"Ministry of Transportation of Ontario","brand":"RTX Corporation","direction":255,"surveillanceZone":"traffic","osmTimestamp":"2026-06-19T11:51:41Z","osmVersion":1}},{"type":"Feature","geometry":{"type":"Point","coordinates":[-79.5474361,43.7806364]},"properties":{"osmId":13951888897,"osmType":"node","operator":"Ministry of Transportation of Ontario","brand":"RTX Corporation","direction":75,"surveillanceZone":"traffic","osmTimestamp":"2026-06-19T11:51:41Z","osmVersion":1}},{"type":"Feature","geometry":{"type":"Point","coordinates":[-79.5002095,43.7911219]},"properties":{"osmId":13951912472,"osmType":"node","operator":"Ministry of Transportation of Ontario","brand":"RTX Corporation","direction":110,"surveillanceZone":"traffic","osmTimestamp":"2026-06-19T11:55:19Z","osmVersion":1}},{"type":"Feature","geometry":{"type":"Point","coordinates":[-79.4987141,43.7913324]},"properties":{"osmId":13951912473,"osmType":"node","operator":"Ministry of Transportation of Ontario","brand":"RTX Corporation","direction":0,"surveillanceZone":"traffic","osmTimestamp":"2026-06-19T11:55:19Z","osmVersion":1}},{"type":"Feature","geometry":{"type":"Point","coordinates":[-79.4995018,43.792372]},"properties":{"osmId":13951912474,"osmType":"node","operator":"Ministry of Transportation of Ontario","brand":"RTX Corporation","direction":230,"surveillanceZone":"traffic","osmTimestamp":"2026-06-19T11:55:19Z","osmVersion":1}},{"type":"Feature","geometry":{"type":"Point","coordinates":[-79.4960695,43.7933279]},"properties":{"osmId":13951912475,"osmType":"node","operator":"Ministry of Transportation of Ontario","brand":"RTX Corporation","direction":210,"surveillanceZone":"traffic","osmTimestamp":"2026-06-19T11:55:19Z","osmVersion":1}},{"type":"Feature","geometry":{"type":"Point","coordinates":[-79.4950017,43.7926279]},"properties":{"osmId":13951912476,"osmType":"node","operator":"Ministry of Transportation of Ontario","brand":"RTX Corporation","direction":60,"surveillanceZone":"traffic","osmTimestamp":"2026-06-19T11:55:19Z","osmVersion":1}},{"type":"Feature","geometry":{"type":"Point","coordinates":[-79.4947861,43.7939911]},"properties":{"osmId":13951912477,"osmType":"node","operator":"Ministry of Transportation of Ontario","brand":"RTX Corporation","direction":280,"surveillanceZone":"traffic","osmTimestamp":"2026-06-19T11:55:19Z","osmVersion":1}},{"type":"Feature","geometry":{"type":"Point","coordinates":[-79.4579047,43.8264266]},"properties":{"osmId":13951934983,"osmType":"node","operator":"Ministry of Transportation of Ontario","brand":"RTX Corporation","direction":80,"surveillanceZone":"traffic","osmTimestamp":"2026-06-19T12:18:24Z","osmVersion":1}},{"type":"Feature","geometry":{"type":"Point","coordinates":[-79.4552111,43.8263634]},"properties":{"osmId":13951934984,"osmType":"node","operator":"Ministry of Transportation of Ontario","brand":"RTX Corporation","direction":0,"surveillanceZone":"traffic","osmTimestamp":"2026-06-19T12:18:24Z","osmVersion":1}},{"type":"Feature","geometry":{"type":"Point","coordinates":[-79.4557676,43.8276033]},"properties":{"osmId":13951934985,"osmType":"node","operator":"Ministry of Transportation of Ontario","brand":"RTX Corporation","direction":240,"surveillanceZone":"traffic","osmTimestamp":"2026-06-19T12:18:24Z","osmVersion":1}},{"type":"Feature","geometry":{"type":"Point","coordinates":[-79.452922,43.8264645]},"properties":{"osmId":13951934986,"osmType":"node","operator":"Ministry of Transportation of Ontario","brand":"RTX Corporation","direction":30,"surveillanceZone":"traffic","osmTimestamp":"2026-06-19T12:18:24Z","osmVersion":1}},{"type":"Feature","geometry":{"type":"Point","coordinates":[-79.4526675,43.8282732]},"properties":{"osmId":13951934987,"osmType":"node","operator":"Ministry of Transportation of Ontario","brand":"RTX Corporation","direction":220,"surveillanceZone":"traffic","osmTimestamp":"2026-06-19T12:18:24Z","osmVersion":1}},{"type":"Feature","geometry":{"type":"Point","coordinates":[-79.4493412,43.8288951]},"properties":{"osmId":13951934988,"osmType":"node","operator":"Ministry of Transportation of Ontario","brand":"RTX Corporation","direction":255,"surveillanceZone":"traffic","osmTimestamp":"2026-06-19T12:18:24Z","osmVersion":1}},{"type":"Feature","geometry":{"type":"Point","coordinates":[-79.479043,43.8134801]},"properties":{"osmId":13951961240,"osmType":"node","operator":"Ministry of Transportation of Ontario","brand":"RTX Corporation","direction":20,"surveillanceZone":"traffic","osmTimestamp":"2026-06-19T12:00:41Z","osmVersion":1}},{"type":"Feature","geometry":{"type":"Point","coordinates":[-79.4771099,43.8153343]},"properties":{"osmId":13951961241,"osmType":"node","operator":"Ministry of Transportation of Ontario","brand":"RTX Corporation","direction":235,"surveillanceZone":"traffic","osmTimestamp":"2026-06-19T12:00:41Z","osmVersion":1}},{"type":"Feature","geometry":{"type":"Point","coordinates":[-79.478372,43.8178215]},"properties":{"osmId":13951961242,"osmType":"node","operator":"Ministry of Transportation of Ontario","brand":"RTX Corporation","direction":200,"surveillanceZone":"traffic","osmTimestamp":"2026-06-19T12:00:41Z","osmVersion":1}},{"type":"Feature","geometry":{"type":"Point","coordinates":[-79.4760169,43.8180084]},"properties":{"osmId":13951961243,"osmType":"node","operator":"Ministry of Transportation of Ontario","brand":"RTX Corporation","direction":35,"surveillanceZone":"traffic","osmTimestamp":"2026-06-19T12:00:41Z","osmVersion":1}},{"type":"Feature","geometry":{"type":"Point","coordinates":[-79.4759392,43.8197382]},"properties":{"osmId":13951961244,"osmType":"node","operator":"Ministry of Transportation of Ontario","brand":"RTX Corporation","direction":200,"surveillanceZone":"traffic","osmTimestamp":"2026-06-19T12:00:41Z","osmVersion":1}},{"type":"Feature","geometry":{"type":"Point","coordinates":[-79.4740632,43.8211196]},"properties":{"osmId":13951961245,"osmType":"node","operator":"Ministry of Transportation of Ontario","brand":"RTX Corporation","direction":235,"surveillanceZone":"traffic","osmTimestamp":"2026-06-19T12:00:41Z","osmVersion":1}},{"type":"Feature","geometry":{"type":"Point","coordinates":[-79.4099589,43.8382739]},"properties":{"osmId":13951990429,"osmType":"node","operator":"Ministry of Transportation of Ontario","brand":"RTX Corporation","direction":115,"surveillanceZone":"traffic","osmTimestamp":"2026-06-19T12:25:24Z","osmVersion":1}},{"type":"Feature","geometry":{"type":"Point","coordinates":[-79.4074077,43.8375567]},"properties":{"osmId":13951990430,"osmType":"node","operator":"Ministry of Transportation of Ontario","brand":"RTX Corporation","direction":40,"surveillanceZone":"traffic","osmTimestamp":"2026-06-19T12:25:24Z","osmVersion":1}},{"type":"Feature","geometry":{"type":"Point","coordinates":[-79.4087467,43.838906]},"properties":{"osmId":13951990431,"osmType":"node","operator":"Ministry of Transportation of Ontario","brand":"RTX Corporation","direction":270,"surveillanceZone":"traffic","osmTimestamp":"2026-06-19T12:25:24Z","osmVersion":1}},{"type":"Feature","geometry":{"type":"Point","coordinates":[-79.4046949,43.8388709]},"properties":{"osmId":13951990432,"osmType":"node","operator":"Ministry of Transportation of Ontario","brand":"RTX Corporation","direction":200,"surveillanceZone":"traffic","osmTimestamp":"2026-06-19T12:25:24Z","osmVersion":1}},{"type":"Feature","geometry":{"type":"Point","coordinates":[-79.4026226,43.8381686]},"properties":{"osmId":13951990433,"osmType":"node","operator":"Ministry of Transportation of Ontario","brand":"RTX Corporation","direction":300,"surveillanceZone":"traffic","osmTimestamp":"2026-06-19T12:25:24Z","osmVersion":1}},{"type":"Feature","geometry":{"type":"Point","coordinates":[-79.4046882,43.8371855]},"properties":{"osmId":13951990434,"osmType":"node","operator":"Ministry of Transportation of Ontario","brand":"RTX Corporation","direction":60,"surveillanceZone":"traffic","osmTimestamp":"2026-06-19T12:25:24Z","osmVersion":1}},{"type":"Feature","geometry":{"type":"Point","coordinates":[-79.4333481,43.8321302]},"properties":{"osmId":13951991609,"osmType":"node","operator":"Ministry of Transportation of Ontario","brand":"RTX Corporation","direction":70,"surveillanceZone":"traffic","osmTimestamp":"2026-06-19T12:21:42Z","osmVersion":1}},{"type":"Feature","geometry":{"type":"Point","coordinates":[-79.4288432,43.8329026]},"properties":{"osmId":13951991610,"osmType":"node","operator":"Ministry of Transportation of Ontario","brand":"RTX Corporation","direction":210,"surveillanceZone":"traffic","osmTimestamp":"2026-06-19T12:21:42Z","osmVersion":1}},{"type":"Feature","geometry":{"type":"Point","coordinates":[-79.4308342,43.8338773]},"properties":{"osmId":13951991611,"osmType":"node","operator":"Ministry of Transportation of Ontario","brand":"RTX Corporation","direction":230,"surveillanceZone":"traffic","osmTimestamp":"2026-06-19T12:21:42Z","osmVersion":1}},{"type":"Feature","geometry":{"type":"Point","coordinates":[-79.4281594,43.8335103]},"properties":{"osmId":13951991612,"osmType":"node","operator":"Ministry of Transportation of Ontario","brand":"RTX Corporation","direction":5,"surveillanceZone":"traffic","osmTimestamp":"2026-06-19T12:21:42Z","osmVersion":1}},{"type":"Feature","geometry":{"type":"Point","coordinates":[-79.4277843,43.8362488]},"properties":{"osmId":13951991613,"osmType":"node","operator":"Ministry of Transportation of Ontario","brand":"RTX Corporation","direction":80,"surveillanceZone":"traffic","osmTimestamp":"2026-06-19T12:21:42Z","osmVersion":1}},{"type":"Feature","geometry":{"type":"Point","coordinates":[-79.4241517,43.836602]},"properties":{"osmId":13951991614,"osmType":"node","operator":"Ministry of Transportation of Ontario","brand":"RTX Corporation","direction":240,"surveillanceZone":"traffic","osmTimestamp":"2026-06-19T12:21:42Z","osmVersion":1}},{"type":"Feature","geometry":{"type":"Point","coordinates":[-79.3854358,43.8363914]},"properties":{"osmId":13951991956,"osmType":"node","operator":"Ministry of Transportation of Ontario","brand":"RTX Corporation","direction":90,"surveillanceZone":"traffic","osmTimestamp":"2026-06-19T12:32:19Z","osmVersion":1}},{"type":"Feature","geometry":{"type":"Point","coordinates":[-79.3834696,43.837399]},"properties":{"osmId":13951991957,"osmType":"node","operator":"Ministry of Transportation of Ontario","brand":"RTX Corporation","direction":250,"surveillanceZone":"traffic","osmTimestamp":"2026-06-19T12:32:19Z","osmVersion":1}},{"type":"Feature","geometry":{"type":"Point","coordinates":[-79.3766942,43.8381263]},"properties":{"osmId":13951991958,"osmType":"node","operator":"Ministry of Transportation of Ontario","brand":"RTX Corporation","direction":240,"surveillanceZone":"traffic","osmTimestamp":"2026-06-19T12:32:19Z","osmVersion":1}},{"type":"Feature","geometry":{"type":"Point","coordinates":[-79.3791324,43.836954]},"properties":{"osmId":13951991959,"osmType":"node","operator":"Ministry of Transportation of Ontario","brand":"RTX Corporation","direction":85,"surveillanceZone":"traffic","osmTimestamp":"2026-06-19T12:32:19Z","osmVersion":1}},{"type":"Feature","geometry":{"type":"Point","coordinates":[-79.3597201,43.8399341]},"properties":{"osmId":13951991960,"osmType":"node","operator":"Ministry of Transportation of Ontario","brand":"RTX Corporation","direction":95,"surveillanceZone":"traffic","osmTimestamp":"2026-06-19T12:32:19Z","osmVersion":1}},{"type":"Feature","geometry":{"type":"Point","coordinates":[-79.3604024,43.8407049]},"properties":{"osmId":13951991961,"osmType":"node","operator":"Ministry of Transportation of Ontario","brand":"RTX Corporation","direction":240,"surveillanceZone":"traffic","osmTimestamp":"2026-06-19T12:32:19Z","osmVersion":1}},{"type":"Feature","geometry":{"type":"Point","coordinates":[-79.3585079,43.8410113]},"properties":{"osmId":13951991962,"osmType":"node","operator":"Ministry of Transportation of Ontario","brand":"RTX Corporation","direction":270,"surveillanceZone":"traffic","osmTimestamp":"2026-06-19T12:32:19Z","osmVersion":1}},{"type":"Feature","geometry":{"type":"Point","coordinates":[-79.357513,43.8403531]},"properties":{"osmId":13951991963,"osmType":"node","operator":"Ministry of Transportation of Ontario","brand":"RTX Corporation","direction":70,"surveillanceZone":"traffic","osmTimestamp":"2026-06-19T12:32:19Z","osmVersion":1}},{"type":"Feature","geometry":{"type":"Point","coordinates":[-79.3522651,43.8423066]},"properties":{"osmId":13951991964,"osmType":"node","operator":"Ministry of Transportation of Ontario","brand":"RTX Corporation","direction":280,"surveillanceZone":"traffic","osmTimestamp":"2026-06-19T12:32:19Z","osmVersion":1}},{"type":"Feature","geometry":{"type":"Point","coordinates":[-79.3498042,43.8415441]},"properties":{"osmId":13951991965,"osmType":"node","operator":"Ministry of Transportation of Ontario","brand":"RTX Corporation","direction":70,"surveillanceZone":"traffic","osmTimestamp":"2026-06-19T12:32:19Z","osmVersion":1}},{"type":"Feature","geometry":{"type":"Point","coordinates":[-79.3333317,43.8439497]},"properties":{"osmId":13952006575,"osmType":"node","operator":"Ministry of Transportation of Ontario","brand":"RTX Corporation","direction":110,"surveillanceZone":"traffic","osmTimestamp":"2026-06-19T12:37:09Z","osmVersion":1}},{"type":"Feature","geometry":{"type":"Point","coordinates":[-79.3318579,43.8444232]},"properties":{"osmId":13952006576,"osmType":"node","operator":"Ministry of Transportation of Ontario","brand":"RTX Corporation","direction":50,"surveillanceZone":"traffic","osmTimestamp":"2026-06-19T12:37:09Z","osmVersion":1}},{"type":"Feature","geometry":{"type":"Point","coordinates":[-79.3331471,43.845064]},"properties":{"osmId":13952006577,"osmType":"node","operator":"Ministry of Transportation of Ontario","brand":"RTX Corporation","direction":240,"surveillanceZone":"traffic","osmTimestamp":"2026-06-19T12:37:09Z","osmVersion":1}},{"type":"Feature","geometry":{"type":"Point","coordinates":[-79.3294665,43.8457969]},"properties":{"osmId":13952006578,"osmType":"node","operator":"Ministry of Transportation of Ontario","brand":"RTX Corporation","direction":230,"surveillanceZone":"traffic","osmTimestamp":"2026-06-19T12:37:09Z","osmVersion":1}},{"type":"Feature","geometry":{"type":"Point","coordinates":[-79.3283082,43.8450891]},"properties":{"osmId":13952006579,"osmType":"node","operator":"Ministry of Transportation of Ontario","brand":"RTX Corporation","direction":70,"surveillanceZone":"traffic","osmTimestamp":"2026-06-19T12:37:09Z","osmVersion":1}},{"type":"Feature","geometry":{"type":"Point","coordinates":[-79.3283586,43.8464489]},"properties":{"osmId":13952006580,"osmType":"node","operator":"Ministry of Transportation of Ontario","brand":"RTX Corporation","direction":300,"surveillanceZone":"traffic","osmTimestamp":"2026-06-19T12:37:09Z","osmVersion":1}},{"type":"Feature","geometry":{"type":"Point","coordinates":[-79.3098871,43.8490396]},"properties":{"osmId":13952007021,"osmType":"node","operator":"Ministry of Transportation of Ontario","brand":"RTX Corporation","direction":110,"surveillanceZone":"traffic","osmTimestamp":"2026-06-19T12:40:17Z","osmVersion":1}},{"type":"Feature","geometry":{"type":"Point","coordinates":[-79.3087545,43.8492388]},"properties":{"osmId":13952007022,"osmType":"node","operator":"Ministry of Transportation of Ontario","brand":"RTX Corporation","direction":0,"surveillanceZone":"traffic","osmTimestamp":"2026-06-19T12:40:17Z","osmVersion":1}},{"type":"Feature","geometry":{"type":"Point","coordinates":[-79.3085595,43.8506911]},"properties":{"osmId":13952007023,"osmType":"node","operator":"Ministry of Transportation of Ontario","brand":"RTX Corporation","direction":220,"surveillanceZone":"traffic","osmTimestamp":"2026-06-19T12:40:17Z","osmVersion":1}},{"type":"Feature","geometry":{"type":"Point","coordinates":[-79.3065351,43.85105]},"properties":{"osmId":13952007024,"osmType":"node","operator":"Ministry of Transportation of Ontario","brand":"RTX Corporation","direction":220,"surveillanceZone":"traffic","osmTimestamp":"2026-06-19T12:40:17Z","osmVersion":1}},{"type":"Feature","geometry":{"type":"Point","coordinates":[-79.3051684,43.8514955]},"properties":{"osmId":13952007025,"osmType":"node","operator":"Ministry of Transportation of Ontario","brand":"RTX Corporation","direction":290,"surveillanceZone":"traffic","osmTimestamp":"2026-06-19T12:40:17Z","osmVersion":1}},{"type":"Feature","geometry":{"type":"Point","coordinates":[-79.3061022,43.8501111]},"properties":{"osmId":13952007026,"osmType":"node","operator":"Ministry of Transportation of Ontario","brand":"RTX Corporation","direction":60,"surveillanceZone":"traffic","osmTimestamp":"2026-06-19T12:40:17Z","osmVersion":1}},{"type":"Feature","geometry":{"type":"Point","coordinates":[-79.2839259,43.8551184]},"properties":{"osmId":13952020831,"osmType":"node","operator":"Ministry of Transportation of Ontario","brand":"RTX Corporation","direction":105,"surveillanceZone":"traffic","osmTimestamp":"2026-06-19T12:43:29Z","osmVersion":1}},{"type":"Feature","geometry":{"type":"Point","coordinates":[-79.2826068,43.8554]},"properties":{"osmId":13952020832,"osmType":"node","operator":"Ministry of Transportation of Ontario","brand":"RTX Corporation","direction":20,"surveillanceZone":"traffic","osmTimestamp":"2026-06-19T12:43:29Z","osmVersion":1}},{"type":"Feature","geometry":{"type":"Point","coordinates":[-79.2834499,43.8565386]},"properties":{"osmId":13952020833,"osmType":"node","operator":"Ministry of Transportation of Ontario","brand":"RTX Corporation","direction":220,"surveillanceZone":"traffic","osmTimestamp":"2026-06-19T12:43:29Z","osmVersion":1}},{"type":"Feature","geometry":{"type":"Point","coordinates":[-79.2803562,43.856973]},"properties":{"osmId":13952020834,"osmType":"node","operator":"Ministry of Transportation of Ontario","brand":"RTX Corporation","direction":210,"surveillanceZone":"traffic","osmTimestamp":"2026-06-19T12:43:29Z","osmVersion":1}},{"type":"Feature","geometry":{"type":"Point","coordinates":[-79.2800337,43.8557496]},"properties":{"osmId":13952020835,"osmType":"node","operator":"Ministry of Transportation of Ontario","brand":"RTX Corporation","direction":40,"surveillanceZone":"traffic","osmTimestamp":"2026-06-19T12:43:29Z","osmVersion":1}},{"type":"Feature","geometry":{"type":"Point","coordinates":[-79.278303,43.8573791]},"properties":{"osmId":13952020836,"osmType":"node","operator":"Ministry of Transportation of Ontario","brand":"RTX Corporation","direction":270,"surveillanceZone":"traffic","osmTimestamp":"2026-06-19T12:43:29Z","osmVersion":1}},{"type":"Feature","geometry":{"type":"Point","coordinates":[-79.6249162,43.7558592]},"properties":{"osmId":13952029568,"osmType":"node","operator":"Ministry of Transportation of Ontario","brand":"RTX Corporation","direction":70,"surveillanceZone":"traffic","osmTimestamp":"2026-06-19T12:48:04Z","osmVersion":1}},{"type":"Feature","geometry":{"type":"Point","coordinates":[-79.6207244,43.7577646]},"properties":{"osmId":13952029569,"osmType":"node","operator":"Ministry of Transportation of Ontario","brand":"RTX Corporation","direction":250,"surveillanceZone":"traffic","osmTimestamp":"2026-06-19T12:48:04Z","osmVersion":1}},{"type":"Feature","geometry":{"type":"Point","coordinates":[-79.2356629,43.8690918]},"properties":{"osmId":13952032227,"osmType":"node","operator":"Ministry of Transportation of Ontario","brand":"RTX Corporation","direction":110,"surveillanceZone":"traffic","osmTimestamp":"2026-06-19T12:56:06Z","osmVersion":1}},{"type":"Feature","geometry":{"type":"Point","coordinates":[-79.2346993,43.8692229]},"properties":{"osmId":13952032228,"osmType":"node","operator":"Ministry of Transportation of Ontario","brand":"RTX Corporation","direction":350,"surveillanceZone":"traffic","osmTimestamp":"2026-06-19T12:56:06Z","osmVersion":1}},{"type":"Feature","geometry":{"type":"Point","coordinates":[-79.234227,43.8712753]},"properties":{"osmId":13952032229,"osmType":"node","operator":"Ministry of Transportation of Ontario","brand":"RTX Corporation","direction":220,"surveillanceZone":"traffic","osmTimestamp":"2026-06-19T12:56:06Z","osmVersion":1}},{"type":"Feature","geometry":{"type":"Point","coordinates":[-79.2316304,43.8716558]},"properties":{"osmId":13952032230,"osmType":"node","operator":"Ministry of Transportation of Ontario","brand":"RTX Corporation","direction":180,"surveillanceZone":"traffic","osmTimestamp":"2026-06-19T12:56:06Z","osmVersion":1}},{"type":"Feature","geometry":{"type":"Point","coordinates":[-79.2305695,43.8717416]},"properties":{"osmId":13952032231,"osmType":"node","operator":"Ministry of Transportation of Ontario","brand":"RTX Corporation","direction":290,"surveillanceZone":"traffic","osmTimestamp":"2026-06-19T12:56:06Z","osmVersion":1}},{"type":"Feature","geometry":{"type":"Point","coordinates":[-79.1468015,43.9034285]},"properties":{"osmId":13952032240,"osmType":"node","operator":"Ministry of Transportation of Ontario","brand":"RTX Corporation","direction":110,"surveillanceZone":"traffic","osmTimestamp":"2026-06-19T13:09:08Z","osmVersion":1}},{"type":"Feature","geometry":{"type":"Point","coordinates":[-79.1455329,43.9038747]},"properties":{"osmId":13952032241,"osmType":"node","operator":"Ministry of Transportation of Ontario","brand":"RTX Corporation","direction":0,"surveillanceZone":"traffic","osmTimestamp":"2026-06-19T13:09:08Z","osmVersion":1}},{"type":"Feature","geometry":{"type":"Point","coordinates":[-79.1462306,43.9053796]},"properties":{"osmId":13952032242,"osmType":"node","operator":"Ministry of Transportation of Ontario","brand":"RTX Corporation","direction":210,"surveillanceZone":"traffic","osmTimestamp":"2026-06-19T13:09:08Z","osmVersion":1}},{"type":"Feature","geometry":{"type":"Point","coordinates":[-79.1434449,43.9060722]},"properties":{"osmId":13952032243,"osmType":"node","operator":"Ministry of Transportation of Ontario","brand":"RTX Corporation","direction":180,"surveillanceZone":"traffic","osmTimestamp":"2026-06-19T13:09:08Z","osmVersion":1}},{"type":"Feature","geometry":{"type":"Point","coordinates":[-79.1420725,43.9063641]},"properties":{"osmId":13952032244,"osmType":"node","operator":"Ministry of Transportation of Ontario","brand":"RTX Corporation","direction":290,"surveillanceZone":"traffic","osmTimestamp":"2026-06-19T13:09:08Z","osmVersion":1}},{"type":"Feature","geometry":{"type":"Point","coordinates":[-79.1424873,43.9046932]},"properties":{"osmId":13952032245,"osmType":"node","operator":"Ministry of Transportation of Ontario","brand":"RTX Corporation","direction":50,"surveillanceZone":"traffic","osmTimestamp":"2026-06-19T13:09:08Z","osmVersion":1}},{"type":"Feature","geometry":{"type":"Point","coordinates":[-79.2598264,43.8616952]},"properties":{"osmId":13952036453,"osmType":"node","operator":"Ministry of Transportation of Ontario","brand":"RTX Corporation","direction":95,"surveillanceZone":"traffic","osmTimestamp":"2026-06-19T12:52:48Z","osmVersion":1}},{"type":"Feature","geometry":{"type":"Point","coordinates":[-79.258768,43.8622226]},"properties":{"osmId":13952036454,"osmType":"node","operator":"Ministry of Transportation of Ontario","brand":"RTX Corporation","direction":20,"surveillanceZone":"traffic","osmTimestamp":"2026-06-19T12:52:48Z","osmVersion":1}},{"type":"Feature","geometry":{"type":"Point","coordinates":[-79.2581323,43.8641695]},"properties":{"osmId":13952036455,"osmType":"node","operator":"Ministry of Transportation of Ontario","brand":"RTX Corporation","direction":200,"surveillanceZone":"traffic","osmTimestamp":"2026-06-19T12:52:48Z","osmVersion":1}},{"type":"Feature","geometry":{"type":"Point","coordinates":[-79.2559959,43.8645872]},"properties":{"osmId":13952036456,"osmType":"node","operator":"Ministry of Transportation of Ontario","brand":"RTX Corporation","direction":185,"surveillanceZone":"traffic","osmTimestamp":"2026-06-19T12:52:48Z","osmVersion":1}},{"type":"Feature","geometry":{"type":"Point","coordinates":[-79.255281,43.8649403]},"properties":{"osmId":13952036457,"osmType":"node","operator":"Ministry of Transportation of Ontario","brand":"RTX Corporation","direction":275,"surveillanceZone":"traffic","osmTimestamp":"2026-06-19T12:52:48Z","osmVersion":1}},{"type":"Feature","geometry":{"type":"Point","coordinates":[-79.256194,43.8628193]},"properties":{"osmId":13952036458,"osmType":"node","operator":"Ministry of Transportation of Ontario","brand":"RTX Corporation","direction":25,"surveillanceZone":"traffic","osmTimestamp":"2026-06-19T12:52:48Z","osmVersion":1}},{"type":"Feature","geometry":{"type":"Point","coordinates":[-78.9631645,43.9469487]},"properties":{"osmId":13952036494,"osmType":"node","operator":"Ministry of Transportation of Ontario","brand":"RTX Corporation","direction":140,"surveillanceZone":"traffic","osmTimestamp":"2026-06-19T13:40:14Z","osmVersion":1}},{"type":"Feature","geometry":{"type":"Point","coordinates":[-78.9612629,43.9468531]},"properties":{"osmId":13952036495,"osmType":"node","operator":"Ministry of Transportation of Ontario","brand":"RTX Corporation","direction":10,"surveillanceZone":"traffic","osmTimestamp":"2026-06-19T13:40:14Z","osmVersion":1}},{"type":"Feature","geometry":{"type":"Point","coordinates":[-78.9616617,43.9484174]},"properties":{"osmId":13952036496,"osmType":"node","operator":"Ministry of Transportation of Ontario","brand":"RTX Corporation","direction":220,"surveillanceZone":"traffic","osmTimestamp":"2026-06-19T13:40:14Z","osmVersion":1}},{"type":"Feature","geometry":{"type":"Point","coordinates":[-78.9587681,43.9483367]},"properties":{"osmId":13952036497,"osmType":"node","operator":"Ministry of Transportation of Ontario","brand":"RTX Corporation","direction":200,"surveillanceZone":"traffic","osmTimestamp":"2026-06-19T13:40:14Z","osmVersion":1}},{"type":"Feature","geometry":{"type":"Point","coordinates":[-78.9573454,43.9483887]},"properties":{"osmId":13952036498,"osmType":"node","operator":"Ministry of Transportation of Ontario","brand":"RTX Corporation","direction":300,"surveillanceZone":"traffic","osmTimestamp":"2026-06-19T13:40:14Z","osmVersion":1}},{"type":"Feature","geometry":{"type":"Point","coordinates":[-78.9577481,43.9473714]},"properties":{"osmId":13952036499,"osmType":"node","operator":"Ministry of Transportation of Ontario","brand":"RTX Corporation","direction":85,"surveillanceZone":"traffic","osmTimestamp":"2026-06-19T13:40:14Z","osmVersion":1}},{"type":"Feature","geometry":{"type":"Point","coordinates":[-79.215409,43.8734855]},"properties":{"osmId":13952057049,"osmType":"node","operator":"Ministry of Transportation of Ontario","brand":"RTX Corporation","direction":110,"surveillanceZone":"traffic","osmTimestamp":"2026-06-19T12:58:28Z","osmVersion":1}},{"type":"Feature","geometry":{"type":"Point","coordinates":[-79.2143969,43.8737955]},"properties":{"osmId":13952057050,"osmType":"node","operator":"Ministry of Transportation of Ontario","brand":"RTX Corporation","direction":0,"surveillanceZone":"traffic","osmTimestamp":"2026-06-19T12:58:28Z","osmVersion":1}},{"type":"Feature","geometry":{"type":"Point","coordinates":[-79.2146315,43.8753347]},"properties":{"osmId":13952057051,"osmType":"node","operator":"Ministry of Transportation of Ontario","brand":"RTX Corporation","direction":220,"surveillanceZone":"traffic","osmTimestamp":"2026-06-19T12:58:28Z","osmVersion":1}},{"type":"Feature","geometry":{"type":"Point","coordinates":[-79.2112812,43.8759581]},"properties":{"osmId":13952057052,"osmType":"node","operator":"Ministry of Transportation of Ontario","brand":"RTX Corporation","direction":290,"surveillanceZone":"traffic","osmTimestamp":"2026-06-19T12:58:28Z","osmVersion":1}},{"type":"Feature","geometry":{"type":"Point","coordinates":[-79.1869426,43.8883592]},"properties":{"osmId":13952068130,"osmType":"node","operator":"Ministry of Transportation of Ontario","brand":"RTX Corporation","direction":70,"surveillanceZone":"traffic","osmTimestamp":"2026-06-19T13:06:56Z","osmVersion":1}},{"type":"Feature","geometry":{"type":"Point","coordinates":[-79.186595,43.8888424]},"properties":{"osmId":13952068131,"osmType":"node","operator":"Ministry of Transportation of Ontario","brand":"RTX Corporation","direction":330,"surveillanceZone":"traffic","osmTimestamp":"2026-06-19T13:06:56Z","osmVersion":1}},{"type":"Feature","geometry":{"type":"Point","coordinates":[-79.1865912,43.8913989]},"properties":{"osmId":13952068132,"osmType":"node","operator":"Ministry of Transportation of Ontario","brand":"RTX Corporation","direction":180,"surveillanceZone":"traffic","osmTimestamp":"2026-06-19T13:06:56Z","osmVersion":1}},{"type":"Feature","geometry":{"type":"Point","coordinates":[-79.1850411,43.8910412]},"properties":{"osmId":13952068133,"osmType":"node","operator":"Ministry of Transportation of Ontario","brand":"RTX Corporation","direction":30,"surveillanceZone":"traffic","osmTimestamp":"2026-06-19T13:06:56Z","osmVersion":1}},{"type":"Feature","geometry":{"type":"Point","coordinates":[-79.1852756,43.8930457]},"properties":{"osmId":13952068134,"osmType":"node","operator":"Ministry of Transportation of Ontario","brand":"RTX Corporation","direction":160,"surveillanceZone":"traffic","osmTimestamp":"2026-06-19T13:06:56Z","osmVersion":1}},{"type":"Feature","geometry":{"type":"Point","coordinates":[-79.1847983,43.8936233]},"properties":{"osmId":13952068135,"osmType":"node","operator":"Ministry of Transportation of Ontario","brand":"RTX Corporation","direction":240,"surveillanceZone":"traffic","osmTimestamp":"2026-06-19T13:06:56Z","osmVersion":1}},{"type":"Feature","geometry":{"type":"Point","coordinates":[-79.1110988,43.9125582]},"properties":{"osmId":13952074458,"osmType":"node","operator":"Ministry of Transportation of Ontario","brand":"RTX Corporation","direction":70,"surveillanceZone":"traffic","osmTimestamp":"2026-06-19T13:17:24Z","osmVersion":1}},{"type":"Feature","geometry":{"type":"Point","coordinates":[-79.1092395,43.9132949]},"properties":{"osmId":13952074459,"osmType":"node","operator":"Ministry of Transportation of Ontario","brand":"RTX Corporation","direction":240,"surveillanceZone":"traffic","osmTimestamp":"2026-06-19T13:17:24Z","osmVersion":1}},{"type":"Feature","geometry":{"type":"Point","coordinates":[-79.1222757,43.9099572]},"properties":{"osmId":13952074460,"osmType":"node","operator":"Ministry of Transportation of Ontario","brand":"RTX Corporation","direction":70,"surveillanceZone":"traffic","osmTimestamp":"2026-06-19T13:17:24Z","osmVersion":1}},{"type":"Feature","geometry":{"type":"Point","coordinates":[-79.0902437,43.9256022]},"properties":{"osmId":13952074461,"osmType":"node","operator":"Ministry of Transportation of Ontario","brand":"RTX Corporation","direction":40,"surveillanceZone":"traffic","osmTimestamp":"2026-06-19T13:17:24Z","osmVersion":1}},{"type":"Feature","geometry":{"type":"Point","coordinates":[-79.0902946,43.9261157]},"properties":{"osmId":13952074462,"osmType":"node","operator":"Ministry of Transportation of Ontario","brand":"RTX Corporation","direction":220,"surveillanceZone":"traffic","osmTimestamp":"2026-06-19T13:17:24Z","osmVersion":1}},{"type":"Feature","geometry":{"type":"Point","coordinates":[-79.0239754,43.9481632]},"properties":{"osmId":13952093664,"osmType":"node","operator":"Ministry of Transportation of Ontario","brand":"RTX Corporation","direction":110,"surveillanceZone":"traffic","osmTimestamp":"2026-06-19T13:30:23Z","osmVersion":1}},{"type":"Feature","geometry":{"type":"Point","coordinates":[-79.0156316,43.9496001]},"properties":{"osmId":13952093665,"osmType":"node","operator":"Ministry of Transportation of Ontario","brand":"RTX Corporation","direction":70,"surveillanceZone":"traffic","osmTimestamp":"2026-06-19T13:30:23Z","osmVersion":1}},{"type":"Feature","geometry":{"type":"Point","coordinates":[-79.0167662,43.9513146]},"properties":{"osmId":13952093666,"osmType":"node","operator":"Ministry of Transportation of Ontario","brand":"RTX Corporation","direction":270,"surveillanceZone":"traffic","osmTimestamp":"2026-06-19T13:30:23Z","osmVersion":1}},{"type":"Feature","geometry":{"type":"Point","coordinates":[-79.0231424,43.9500062]},"properties":{"osmId":13952093667,"osmType":"node","operator":"Ministry of Transportation of Ontario","brand":"RTX Corporation","direction":225,"surveillanceZone":"traffic","osmTimestamp":"2026-06-19T13:30:23Z","osmVersion":1}},{"type":"Feature","geometry":{"type":"Point","coordinates":[-79.02115,43.9510721]},"properties":{"osmId":13952093668,"osmType":"node","operator":"Ministry of Transportation of Ontario","brand":"RTX Corporation","direction":50,"surveillanceZone":"traffic","osmTimestamp":"2026-06-19T13:30:23Z","osmVersion":1}},{"type":"Feature","geometry":{"type":"Point","coordinates":[-79.0066222,43.940845]},"properties":{"osmId":13952093669,"osmType":"node","operator":"Ministry of Transportation of Ontario","brand":"RTX Corporation","direction":160,"surveillanceZone":"traffic","osmTimestamp":"2026-06-19T13:30:23Z","osmVersion":1}},{"type":"Feature","geometry":{"type":"Point","coordinates":[-79.0059368,43.9496292]},"properties":{"osmId":13952093670,"osmType":"node","operator":"Ministry of Transportation of Ontario","brand":"RTX Corporation","direction":50,"surveillanceZone":"traffic","osmTimestamp":"2026-06-19T13:30:23Z","osmVersion":1}},{"type":"Feature","geometry":{"type":"Point","coordinates":[-79.0076181,43.9484332]},"properties":{"osmId":13952093671,"osmType":"node","operator":"Ministry of Transportation of Ontario","brand":"RTX Corporation","direction":350,"surveillanceZone":"traffic","osmTimestamp":"2026-06-19T13:30:23Z","osmVersion":1}},{"type":"Feature","geometry":{"type":"Point","coordinates":[-78.9438585,43.9495104]},"properties":{"osmId":13952108314,"osmType":"node","operator":"Ministry of Transportation of Ontario","brand":"RTX Corporation","direction":90,"surveillanceZone":"traffic","osmTimestamp":"2026-06-19T13:42:32Z","osmVersion":1}},{"type":"Feature","geometry":{"type":"Point","coordinates":[-78.9420083,43.949641]},"properties":{"osmId":13952108315,"osmType":"node","operator":"Ministry of Transportation of Ontario","brand":"RTX Corporation","direction":340,"surveillanceZone":"traffic","osmTimestamp":"2026-06-19T13:42:32Z","osmVersion":1}},{"type":"Feature","geometry":{"type":"Point","coordinates":[-78.9418907,43.9525588]},"properties":{"osmId":13952108316,"osmType":"node","operator":"Ministry of Transportation of Ontario","brand":"RTX Corporation","direction":185,"surveillanceZone":"traffic","osmTimestamp":"2026-06-19T13:42:32Z","osmVersion":1}},{"type":"Feature","geometry":{"type":"Point","coordinates":[-78.9397495,43.9523151]},"properties":{"osmId":13952108317,"osmType":"node","operator":"Ministry of Transportation of Ontario","brand":"RTX Corporation","direction":170,"surveillanceZone":"traffic","osmTimestamp":"2026-06-19T13:42:32Z","osmVersion":1}},{"type":"Feature","geometry":{"type":"Point","coordinates":[-78.9391598,43.9528699]},"properties":{"osmId":13952108318,"osmType":"node","operator":"Ministry of Transportation of Ontario","brand":"RTX Corporation","direction":270,"surveillanceZone":"traffic","osmTimestamp":"2026-06-19T13:42:32Z","osmVersion":1}},{"type":"Feature","geometry":{"type":"Point","coordinates":[-78.9395948,43.9509007]},"properties":{"osmId":13952108319,"osmType":"node","operator":"Ministry of Transportation of Ontario","brand":"RTX Corporation","direction":45,"surveillanceZone":"traffic","osmTimestamp":"2026-06-19T13:42:32Z","osmVersion":1}},{"type":"Feature","geometry":{"type":"Point","coordinates":[-78.9083638,43.9689826]},"properties":{"osmId":13952132236,"osmType":"node","operator":"Ministry of Transportation of Ontario","brand":"RTX Corporation","direction":90,"surveillanceZone":"traffic","osmTimestamp":"2026-06-19T13:47:22Z","osmVersion":1}},{"type":"Feature","geometry":{"type":"Point","coordinates":[-78.9076203,43.9695198]},"properties":{"osmId":13952132237,"osmType":"node","operator":"Ministry of Transportation of Ontario","brand":"RTX Corporation","direction":0,"surveillanceZone":"traffic","osmTimestamp":"2026-06-19T13:47:22Z","osmVersion":1}},{"type":"Feature","geometry":{"type":"Point","coordinates":[-78.9082674,43.9706911]},"properties":{"osmId":13952132238,"osmType":"node","operator":"Ministry of Transportation of Ontario","brand":"RTX Corporation","direction":220,"surveillanceZone":"traffic","osmTimestamp":"2026-06-19T13:47:22Z","osmVersion":1}},{"type":"Feature","geometry":{"type":"Point","coordinates":[-78.9049143,43.9706231]},"properties":{"osmId":13952132239,"osmType":"node","operator":"Ministry of Transportation of Ontario","brand":"RTX Corporation","direction":40,"surveillanceZone":"traffic","osmTimestamp":"2026-06-19T13:47:22Z","osmVersion":1}},{"type":"Feature","geometry":{"type":"Point","coordinates":[-78.9052181,43.9720204]},"properties":{"osmId":13952132240,"osmType":"node","operator":"Ministry of Transportation of Ontario","brand":"RTX Corporation","direction":185,"surveillanceZone":"traffic","osmTimestamp":"2026-06-19T13:47:22Z","osmVersion":1}},{"type":"Feature","geometry":{"type":"Point","coordinates":[-78.9041844,43.9727262]},"properties":{"osmId":13952132241,"osmType":"node","operator":"Ministry of Transportation of Ontario","brand":"RTX Corporation","direction":270,"surveillanceZone":"traffic","osmTimestamp":"2026-06-19T13:47:22Z","osmVersion":1}},{"type":"Feature","geometry":{"type":"Point","coordinates":[-78.8714725,43.980369]},"properties":{"osmId":13952137220,"osmType":"node","operator":"Ministry of Transportation of Ontario","brand":"RTX Corporation","direction":110,"surveillanceZone":"traffic","osmTimestamp":"2026-06-19T13:49:46Z","osmVersion":1}},{"type":"Feature","geometry":{"type":"Point","coordinates":[-78.8706507,43.9810071]},"properties":{"osmId":13952137221,"osmType":"node","operator":"Ministry of Transportation of Ontario","brand":"RTX Corporation","direction":0,"surveillanceZone":"traffic","osmTimestamp":"2026-06-19T13:49:46Z","osmVersion":1}},{"type":"Feature","geometry":{"type":"Point","coordinates":[-78.8695705,43.9832546]},"properties":{"osmId":13952137222,"osmType":"node","operator":"Ministry of Transportation of Ontario","brand":"RTX Corporation","direction":200,"surveillanceZone":"traffic","osmTimestamp":"2026-06-19T13:49:46Z","osmVersion":1}},{"type":"Feature","geometry":{"type":"Point","coordinates":[-78.8665769,43.9829588]},"properties":{"osmId":13952137223,"osmType":"node","operator":"Ministry of Transportation of Ontario","brand":"RTX Corporation","direction":200,"surveillanceZone":"traffic","osmTimestamp":"2026-06-19T13:49:46Z","osmVersion":1}},{"type":"Feature","geometry":{"type":"Point","coordinates":[-78.8653546,43.9830641]},"properties":{"osmId":13952137224,"osmType":"node","operator":"Ministry of Transportation of Ontario","brand":"RTX Corporation","direction":330,"surveillanceZone":"traffic","osmTimestamp":"2026-06-19T13:49:46Z","osmVersion":1}},{"type":"Feature","geometry":{"type":"Point","coordinates":[-78.8666278,43.9808732]},"properties":{"osmId":13952137225,"osmType":"node","operator":"Ministry of Transportation of Ontario","brand":"RTX Corporation","direction":40,"surveillanceZone":"traffic","osmTimestamp":"2026-06-19T13:49:46Z","osmVersion":1}},{"type":"Feature","geometry":{"type":"Point","coordinates":[-78.8145642,43.963418]},"properties":{"osmId":13952143251,"osmType":"node","operator":"Ministry of Transportation of Ontario","brand":"RTX Corporation","direction":130,"surveillanceZone":"traffic","osmTimestamp":"2026-06-19T13:52:39Z","osmVersion":1}},{"type":"Feature","geometry":{"type":"Point","coordinates":[-78.8132429,43.9632661]},"properties":{"osmId":13952143252,"osmType":"node","operator":"Ministry of Transportation of Ontario","brand":"RTX Corporation","direction":0,"surveillanceZone":"traffic","osmTimestamp":"2026-06-19T13:52:39Z","osmVersion":1}},{"type":"Feature","geometry":{"type":"Point","coordinates":[-78.8131735,43.9651786]},"properties":{"osmId":13952143253,"osmType":"node","operator":"Ministry of Transportation of Ontario","brand":"RTX Corporation","direction":220,"surveillanceZone":"traffic","osmTimestamp":"2026-06-19T13:52:39Z","osmVersion":1}},{"type":"Feature","geometry":{"type":"Point","coordinates":[-78.8099286,43.96558]},"properties":{"osmId":13952143254,"osmType":"node","operator":"Ministry of Transportation of Ontario","brand":"RTX Corporation","direction":290,"surveillanceZone":"traffic","osmTimestamp":"2026-06-19T13:52:39Z","osmVersion":1}},{"type":"Feature","geometry":{"type":"Point","coordinates":[-78.8106375,43.9652342]},"properties":{"osmId":13952143255,"osmType":"node","operator":"Ministry of Transportation of Ontario","brand":"RTX Corporation","direction":180,"surveillanceZone":"traffic","osmTimestamp":"2026-06-19T13:52:39Z","osmVersion":1}},{"type":"Feature","geometry":{"type":"Point","coordinates":[-78.8107212,43.9634527]},"properties":{"osmId":13952143256,"osmType":"node","operator":"Ministry of Transportation of Ontario","brand":"RTX Corporation","direction":40,"surveillanceZone":"traffic","osmTimestamp":"2026-06-19T13:52:39Z","osmVersion":1}},{"type":"Feature","geometry":{"type":"Point","coordinates":[-113.9347896,53.5594476]},"properties":{"osmId":13955790701,"osmType":"node","brand":"Rekor","direction":108,"surveillanceZone":"traffic","mountType":"streetlight pole","osmTimestamp":"2026-06-21T15:15:59Z","osmVersion":1}},{"type":"Feature","geometry":{"type":"Point","coordinates":[-78.9218106,43.882882]},"properties":{"osmId":13972740301,"osmType":"node","brand":"Motorola Solutions","direction":0,"surveillanceZone":"traffic","mountType":"pole","osmTimestamp":"2026-06-28T17:29:20Z","osmVersion":1}},{"type":"Feature","geometry":{"type":"Point","coordinates":[-80.9414845,44.5679556]},"properties":{"osmId":13974765301,"osmType":"node","brand":"Neology, Inc.","direction":119,"surveillanceZone":"traffic","mountType":"street_lamp","osmTimestamp":"2026-06-29T13:18:27Z","osmVersion":1}},{"type":"Feature","geometry":{"type":"Point","coordinates":[-80.9407833,44.5640183]},"properties":{"osmId":13974765302,"osmType":"node","brand":"Neology, Inc.","direction":51,"surveillanceZone":"traffic","osmTimestamp":"2026-06-29T13:19:08Z","osmVersion":1}},{"type":"Feature","geometry":{"type":"Point","coordinates":[-80.9425512,44.5638478]},"properties":{"osmId":13974769501,"osmType":"node","brand":"Neology, Inc.","direction":45,"surveillanceZone":"traffic","osmTimestamp":"2026-06-29T13:19:43Z","osmVersion":1}},{"type":"Feature","geometry":{"type":"Point","coordinates":[-80.9432853,44.5677465]},"properties":{"osmId":13974769516,"osmType":"node","brand":"Neology, Inc.","direction":141,"surveillanceZone":"traffic","osmTimestamp":"2026-06-29T13:21:50Z","osmVersion":1}},{"type":"Feature","geometry":{"type":"Point","coordinates":[-80.9456531,44.565585]},"properties":{"osmId":13974769537,"osmType":"node","brand":"Neology, Inc.","direction":215,"surveillanceZone":"traffic","osmTimestamp":"2026-06-29T13:22:25Z","osmVersion":1}},{"type":"Feature","geometry":{"type":"Point","coordinates":[-80.9429735,44.565895]},"properties":{"osmId":13974769801,"osmType":"node","brand":"Neology, Inc.","direction":126,"surveillanceZone":"traffic","osmTimestamp":"2026-06-29T13:20:31Z","osmVersion":1}},{"type":"Feature","geometry":{"type":"Point","coordinates":[-80.9411301,44.5661122]},"properties":{"osmId":13974770401,"osmType":"node","brand":"Neology, Inc.","direction":118,"surveillanceZone":"traffic","osmTimestamp":"2026-06-29T13:21:12Z","osmVersion":1}},{"type":"Feature","geometry":{"type":"Point","coordinates":[-80.9460335,44.5675404]},"properties":{"osmId":13974771705,"osmType":"node","brand":"Neology, Inc.","direction":210,"surveillanceZone":"traffic","osmTimestamp":"2026-06-29T13:22:47Z","osmVersion":1}},{"type":"Feature","geometry":{"type":"Point","coordinates":[-80.9416431,44.5702122]},"properties":{"osmId":13974799601,"osmType":"node","brand":"Neology, Inc.","direction":252,"surveillanceZone":"traffic","osmTimestamp":"2026-06-29T13:35:08Z","osmVersion":1}},{"type":"Feature","geometry":{"type":"Point","coordinates":[-80.9448172,44.5636228]},"properties":{"osmId":13974800301,"osmType":"node","brand":"Neology, Inc.","direction":0,"surveillanceZone":"traffic","osmTimestamp":"2026-06-29T13:35:57Z","osmVersion":1}},{"type":"Feature","geometry":{"type":"Point","coordinates":[-73.1741044,45.9076542]},"properties":{"osmId":13979197551,"osmType":"node","direction":120,"surveillanceZone":"traffic","osmTimestamp":"2026-07-01T00:33:49Z","osmVersion":1}},{"type":"Feature","geometry":{"type":"Point","coordinates":[-80.5305506,43.4991732]},"properties":{"osmId":13990562940,"osmType":"node","operator":"Waterloo Regional Police Service","brand":"Verkada","surveillanceZone":"traffic","osmTimestamp":"2026-07-12T18:17:27Z","osmVersion":2}},{"type":"Feature","geometry":{"type":"Point","coordinates":[-80.5218534,43.4678008]},"properties":{"osmId":13990562942,"osmType":"node","operator":"Waterloo Regional Police Service","brand":"Verkada","surveillanceZone":"traffic","osmTimestamp":"2026-07-12T18:17:27Z","osmVersion":2}},{"type":"Feature","geometry":{"type":"Point","coordinates":[-80.5190718,43.4656615]},"properties":{"osmId":13990562943,"osmType":"node","operator":"Waterloo Regional Police Service","brand":"Verkada","surveillanceZone":"traffic","osmTimestamp":"2026-07-12T18:17:27Z","osmVersion":2}},{"type":"Feature","geometry":{"type":"Point","coordinates":[-122.8244327,49.2276064]},"properties":{"osmId":13996642402,"osmType":"node","brand":"Axis Communications","direction":26,"surveillanceZone":"traffic","mountType":"pole","osmTimestamp":"2026-07-08T01:50:21Z","osmVersion":2}},{"type":"Feature","geometry":{"type":"Point","coordinates":[-80.3239843,43.3953105]},"properties":{"osmId":13999170141,"osmType":"node","operator":"Waterloo Regional Police Service","surveillanceZone":"traffic","osmTimestamp":"2026-07-09T03:38:47Z","osmVersion":1}},{"type":"Feature","geometry":{"type":"Point","coordinates":[-80.2991072,43.3804393]},"properties":{"osmId":13999170142,"osmType":"node","operator":"Waterloo Regional Police Service","surveillanceZone":"traffic","osmTimestamp":"2026-07-09T03:38:47Z","osmVersion":1}},{"type":"Feature","geometry":{"type":"Point","coordinates":[-80.3142094,43.3645767]},"properties":{"osmId":13999170143,"osmType":"node","operator":"Waterloo Regional Police Service","surveillanceZone":"traffic","osmTimestamp":"2026-07-09T03:38:47Z","osmVersion":1}},{"type":"Feature","geometry":{"type":"Point","coordinates":[-80.2996247,43.3463527]},"properties":{"osmId":13999170144,"osmType":"node","operator":"Waterloo Regional Police Service","surveillanceZone":"traffic","osmTimestamp":"2026-07-09T03:38:47Z","osmVersion":1}},{"type":"Feature","geometry":{"type":"Point","coordinates":[-71.2277029,46.8065297]},"properties":{"osmId":13999265076,"osmType":"node","operator":"Service de police de la Ville de Québec","brand":"Genetec","direction":225,"surveillanceZone":"traffic","osmTimestamp":"2026-07-09T04:34:27Z","osmVersion":1}},{"type":"Feature","geometry":{"type":"Point","coordinates":[-71.2274231,46.8065835]},"properties":{"osmId":13999265077,"osmType":"node","operator":"Service de police de la Ville de Québec","brand":"Genetec","direction":45,"surveillanceZone":"traffic","osmTimestamp":"2026-07-09T04:34:27Z","osmVersion":1}},{"type":"Feature","geometry":{"type":"Point","coordinates":[-80.4796464,43.3258042]},"properties":{"osmId":14000842168,"osmType":"node","operator":"Waterloo Regional Police Service","surveillanceZone":"traffic","osmTimestamp":"2026-07-09T19:23:40Z","osmVersion":1}},{"type":"Feature","geometry":{"type":"Point","coordinates":[-80.4068329,43.3383958]},"properties":{"osmId":14000842169,"osmType":"node","operator":"Waterloo Regional Police Service","surveillanceZone":"traffic","osmTimestamp":"2026-07-09T19:23:40Z","osmVersion":1}},{"type":"Feature","geometry":{"type":"Point","coordinates":[-80.3252989,44.5256091]},"properties":{"osmId":14002320401,"osmType":"node","brand":"Neology, Inc.","direction":243,"surveillanceZone":"traffic","mountType":"pole","osmTimestamp":"2026-07-10T10:47:45Z","osmVersion":2}},{"type":"Feature","geometry":{"type":"Point","coordinates":[-80.657117,44.6084509]},"properties":{"osmId":14002327502,"osmType":"node","brand":"Axis Communications","direction":106,"surveillanceZone":"traffic","osmTimestamp":"2026-07-10T10:59:20Z","osmVersion":2}},{"type":"Feature","geometry":{"type":"Point","coordinates":[-80.7804908,44.5894513]},"properties":{"osmId":14002335601,"osmType":"node","brand":"Axis Communications","direction":225,"surveillanceZone":"traffic","osmTimestamp":"2026-07-10T10:57:12Z","osmVersion":1}},{"type":"Feature","geometry":{"type":"Point","coordinates":[-82.1796933,42.5907599]},"properties":{"osmId":14004667102,"osmType":"node","operator":"Chatham-Kent Police Service","brand":"Axis Communications","direction":0,"surveillanceZone":"traffic","osmTimestamp":"2026-07-11T17:33:15Z","osmVersion":2}},{"type":"Feature","geometry":{"type":"Point","coordinates":[-82.1800664,42.5814407]},"properties":{"osmId":14004668801,"osmType":"node","operator":"Chatham-Kent Police Service","brand":"Axis Communications","direction":138,"surveillanceZone":"traffic","mountType":"pole","osmTimestamp":"2026-07-11T14:17:43Z","osmVersion":2}},{"type":"Feature","geometry":{"type":"Point","coordinates":[-82.1800672,42.5814641]},"properties":{"osmId":14004669401,"osmType":"node","operator":"Chatham-Kent Police Service","brand":"Axis Communications","direction":22,"surveillanceZone":"traffic","osmTimestamp":"2026-07-11T14:17:22Z","osmVersion":2}},{"type":"Feature","geometry":{"type":"Point","coordinates":[-82.1796926,42.5907538]},"properties":{"osmId":14004677201,"osmType":"node","operator":"Chatham-Kent Police Service","brand":"Axis Communications","direction":171,"surveillanceZone":"traffic","osmTimestamp":"2026-07-11T14:18:53Z","osmVersion":2}},{"type":"Feature","geometry":{"type":"Point","coordinates":[-82.1795456,42.5900324]},"properties":{"osmId":14004677801,"osmType":"node","operator":"Chatham-Kent Police Service","brand":"Axis Communications","direction":272,"directions":[272,4,82,183],"surveillanceZone":"traffic","osmTimestamp":"2026-07-11T14:18:25Z","osmVersion":3}},{"type":"Feature","geometry":{"type":"Point","coordinates":[-81.9771387,42.5517703]},"properties":{"osmId":14005093001,"osmType":"node","brand":"Axis Communications","direction":249,"surveillanceZone":"traffic","osmTimestamp":"2026-07-11T18:32:32Z","osmVersion":1}},{"type":"Feature","geometry":{"type":"Point","coordinates":[-81.9771231,42.551772]},"properties":{"osmId":14005093501,"osmType":"node","brand":"Axis Communications","direction":119,"surveillanceZone":"traffic","osmTimestamp":"2026-07-11T18:32:47Z","osmVersion":1}},{"type":"Feature","geometry":{"type":"Point","coordinates":[-81.9771765,42.5516796]},"properties":{"osmId":14005094101,"osmType":"node","brand":"Axis Communications","direction":48,"directions":[48,122,213,307],"surveillanceZone":"traffic","osmTimestamp":"2026-07-11T18:33:13Z","osmVersion":1}},{"type":"Feature","geometry":{"type":"Point","coordinates":[-79.762982,43.6882392]},"properties":{"osmId":14005339201,"osmType":"node","brand":"Genetec","direction":145,"surveillanceZone":"traffic","osmTimestamp":"2026-07-11T21:10:15Z","osmVersion":1}},{"type":"Feature","geometry":{"type":"Point","coordinates":[-79.7631394,43.6881919]},"properties":{"osmId":14005340501,"osmType":"node","brand":"Genetec","direction":55,"surveillanceZone":"traffic","osmTimestamp":"2026-07-11T21:12:36Z","osmVersion":1}},{"type":"Feature","geometry":{"type":"Point","coordinates":[-79.7629117,43.688174]},"properties":{"osmId":14005343501,"osmType":"node","brand":"Genetec","direction":219,"surveillanceZone":"traffic","osmTimestamp":"2026-07-11T21:14:49Z","osmVersion":1}},{"type":"Feature","geometry":{"type":"Point","coordinates":[-79.7630368,43.6881009]},"properties":{"osmId":14005344001,"osmType":"node","brand":"Genetec","direction":336,"surveillanceZone":"traffic","osmTimestamp":"2026-07-11T21:15:12Z","osmVersion":1}},{"type":"Feature","geometry":{"type":"Point","coordinates":[-79.76316,43.6881711]},"properties":{"osmId":14005362501,"osmType":"node","brand":"Axis Communications","direction":306,"directions":[306,167,0,236,99,0],"surveillanceZone":"traffic","osmTimestamp":"2026-07-11T21:30:26Z","osmVersion":1}},{"type":"Feature","geometry":{"type":"Point","coordinates":[-79.769393,43.692871]},"properties":{"osmId":14007282004,"osmType":"node","brand":"Genetec","direction":317,"surveillanceZone":"traffic","osmTimestamp":"2026-07-12T22:52:23Z","osmVersion":1}},{"type":"Feature","geometry":{"type":"Point","coordinates":[-79.7692993,43.6929599]},"properties":{"osmId":14007282103,"osmType":"node","brand":"Genetec","direction":219,"surveillanceZone":"traffic","osmTimestamp":"2026-07-12T22:52:58Z","osmVersion":1}},{"type":"Feature","geometry":{"type":"Point","coordinates":[-79.7694336,43.6930446]},"properties":{"osmId":14007282104,"osmType":"node","brand":"Genetec","direction":149,"surveillanceZone":"traffic","osmTimestamp":"2026-07-12T22:53:24Z","osmVersion":1}},{"type":"Feature","geometry":{"type":"Point","coordinates":[-79.7694997,43.6929686]},"properties":{"osmId":14007282105,"osmType":"node","brand":"Genetec","direction":47,"surveillanceZone":"traffic","osmTimestamp":"2026-07-12T22:53:42Z","osmVersion":1}},{"type":"Feature","geometry":{"type":"Point","coordinates":[-64.9902513,46.5927209]},"properties":{"osmId":14015608501,"osmType":"node","brand":"Flock Safety","direction":91,"surveillanceZone":"traffic","osmTimestamp":"2026-07-14T19:28:46Z","osmVersion":1}},{"type":"Feature","geometry":{"type":"Point","coordinates":[-79.3753975,43.6406956]},"properties":{"osmId":14015635301,"osmType":"node","brand":"Flock Safety","direction":0,"surveillanceZone":"traffic","osmTimestamp":"2026-07-14T19:48:57Z","osmVersion":1}},{"type":"Feature","geometry":{"type":"Point","coordinates":[-63.1698436,46.2617666]},"properties":{"osmId":14026472802,"osmType":"node","brand":"Flock Safety","direction":123,"surveillanceZone":"traffic","osmTimestamp":"2026-07-19T10:32:20Z","osmVersion":1}},{"type":"Feature","geometry":{"type":"Point","coordinates":[-63.1790102,46.2586533]},"properties":{"osmId":14026479802,"osmType":"node","brand":"Flock Safety","direction":244,"surveillanceZone":"traffic","mountType":"pole","osmTimestamp":"2026-07-19T10:35:52Z","osmVersion":2}},{"type":"Feature","geometry":{"type":"Point","coordinates":[-63.1751071,46.2701726]},"properties":{"osmId":14026486902,"osmType":"node","brand":"Flock Safety","direction":42,"surveillanceZone":"traffic","osmTimestamp":"2026-07-19T10:36:44Z","osmVersion":1}},{"type":"Feature","geometry":{"type":"Point","coordinates":[-63.1334162,46.2414648]},"properties":{"osmId":14026843201,"osmType":"node","brand":"Flock Safety","direction":301,"surveillanceZone":"traffic","osmTimestamp":"2026-07-19T13:50:14Z","osmVersion":1}},{"type":"Feature","geometry":{"type":"Point","coordinates":[-63.133869,46.2427944]},"properties":{"osmId":14026846601,"osmType":"node","brand":"Flock Safety","direction":192,"surveillanceZone":"traffic","osmTimestamp":"2026-07-19T13:51:51Z","osmVersion":1}},{"type":"Feature","geometry":{"type":"Point","coordinates":[-63.1328344,46.2424185]},"properties":{"osmId":14026846701,"osmType":"node","brand":"Flock Safety","direction":343,"surveillanceZone":"traffic","osmTimestamp":"2026-07-19T13:52:22Z","osmVersion":1}},{"type":"Feature","geometry":{"type":"Point","coordinates":[-73.6239741,45.6411037]},"properties":{"osmId":14027730584,"osmType":"node","operator":"Transports Québec","direction":140,"surveillanceZone":"traffic","osmTimestamp":"2026-07-20T00:56:04Z","osmVersion":1}},{"type":"Feature","geometry":{"type":"Point","coordinates":[-73.6238609,45.6410052]},"properties":{"osmId":14027730585,"osmType":"node","operator":"Transports Québec","direction":320,"surveillanceZone":"traffic","osmTimestamp":"2026-07-20T00:56:04Z","osmVersion":1}},{"type":"Feature","geometry":{"type":"Point","coordinates":[-73.6238267,45.6411896]},"properties":{"osmId":14027730586,"osmType":"node","operator":"Transports Québec","direction":140,"surveillanceZone":"traffic","osmTimestamp":"2026-07-20T00:56:04Z","osmVersion":1}},{"type":"Feature","geometry":{"type":"Point","coordinates":[-73.6237089,45.641086]},"properties":{"osmId":14027730587,"osmType":"node","operator":"Transports Québec","direction":320,"surveillanceZone":"traffic","osmTimestamp":"2026-07-20T00:56:04Z","osmVersion":1}},{"type":"Feature","geometry":{"type":"Point","coordinates":[-79.7812353,43.6666484]},"properties":{"osmId":14029326802,"osmType":"node","operator":"City of Brampton","brand":"Genetec","direction":238,"surveillanceZone":"traffic","mountType":"traffic_signals","osmTimestamp":"2026-07-20T18:25:27Z","osmVersion":1}},{"type":"Feature","geometry":{"type":"Point","coordinates":[-79.7816391,43.6667693]},"properties":{"osmId":14029328202,"osmType":"node","operator":"City of Brampton","brand":"Genetec","direction":140,"surveillanceZone":"traffic","mountType":"traffic_signals","osmTimestamp":"2026-07-20T18:27:20Z","osmVersion":1}},{"type":"Feature","geometry":{"type":"Point","coordinates":[-79.7813747,43.6661978]},"properties":{"osmId":14029330101,"osmType":"node","operator":"City of Brampton","brand":"Genetec","direction":323,"surveillanceZone":"traffic","mountType":"traffic_signals","osmTimestamp":"2026-07-20T18:26:34Z","osmVersion":1}},{"type":"Feature","geometry":{"type":"Point","coordinates":[-79.7818381,43.6663452]},"properties":{"osmId":14029331001,"osmType":"node","operator":"City of Brampton","brand":"Genetec","direction":57,"surveillanceZone":"traffic","mountType":"traffic_signals","osmTimestamp":"2026-07-20T18:26:59Z","osmVersion":1}},{"type":"Feature","geometry":{"type":"Point","coordinates":[-122.3433915,49.0655227]},"properties":{"osmId":14029907401,"osmType":"node","brand":"Genetec","direction":169,"surveillanceZone":"traffic","osmTimestamp":"2026-07-20T23:25:22Z","osmVersion":1}},{"type":"Feature","geometry":{"type":"Point","coordinates":[-76.4840997,44.2317563]},"properties":{"osmId":14032980201,"osmType":"node","direction":290,"surveillanceZone":"traffic","osmTimestamp":"2026-07-22T00:05:18Z","osmVersion":1}},{"type":"Feature","geometry":{"type":"Point","coordinates":[-76.4386298,44.2410796]},"properties":{"osmId":14040803901,"osmType":"node","direction":1,"surveillanceZone":"traffic","osmTimestamp":"2026-07-23T05:14:06Z","osmVersion":1}},{"type":"Feature","geometry":{"type":"Point","coordinates":[-76.4912083,44.2310752]},"properties":{"osmId":14040807801,"osmType":"node","surveillanceZone":"traffic","osmTimestamp":"2026-07-23T05:18:44Z","osmVersion":1}},{"type":"Feature","geometry":{"type":"Point","coordinates":[-76.5192132,44.2591103]},"properties":{"osmId":14040808701,"osmType":"node","direction":180,"surveillanceZone":"traffic","osmTimestamp":"2026-07-23T05:20:48Z","osmVersion":1}},{"type":"Feature","geometry":{"type":"Point","coordinates":[-76.5190553,44.2589897]},"properties":{"osmId":14040809501,"osmType":"node","direction":270,"surveillanceZone":"traffic","osmTimestamp":"2026-07-23T05:22:08Z","osmVersion":1}},{"type":"Feature","geometry":{"type":"Point","coordinates":[-76.5193342,44.2589766]},"properties":{"osmId":14040809502,"osmType":"node","direction":90,"surveillanceZone":"traffic","osmTimestamp":"2026-07-23T05:23:09Z","osmVersion":1}},{"type":"Feature","geometry":{"type":"Point","coordinates":[-76.5191868,44.2588564]},"properties":{"osmId":14040811101,"osmType":"node","direction":0,"surveillanceZone":"traffic","osmTimestamp":"2026-07-23T05:24:32Z","osmVersion":2}},{"type":"Feature","geometry":{"type":"Point","coordinates":[-76.5588351,44.2582042]},"properties":{"osmId":14040813401,"osmType":"node","surveillanceZone":"traffic","osmTimestamp":"2026-07-23T05:26:41Z","osmVersion":1}},{"type":"Feature","geometry":{"type":"Point","coordinates":[-76.5836896,44.2597238]},"properties":{"osmId":14040814901,"osmType":"node","surveillanceZone":"traffic","osmTimestamp":"2026-07-23T05:29:49Z","osmVersion":1}},{"type":"Feature","geometry":{"type":"Point","coordinates":[-76.5026736,44.3201994]},"properties":{"osmId":14040816901,"osmType":"node","surveillanceZone":"traffic","osmTimestamp":"2026-07-23T05:32:05Z","osmVersion":1}},{"type":"Feature","geometry":{"type":"Point","coordinates":[-114.1352401,51.1830965]},"properties":{"osmId":14053405101,"osmType":"node","brand":"Flock Safety","direction":50,"surveillanceZone":"traffic","osmTimestamp":"2026-07-27T08:57:32Z","osmVersion":1}},{"type":"Feature","geometry":{"type":"Point","coordinates":[-114.2366612,51.0302421]},"properties":{"osmId":14053445101,"osmType":"node","brand":"Flock Safety","direction":210,"surveillanceZone":"traffic","osmTimestamp":"2026-07-27T09:23:15Z","osmVersion":3}},{"type":"Feature","geometry":{"type":"Point","coordinates":[-79.737082,43.718395]},"properties":{"osmId":14054194568,"osmType":"node","operator":"City of Brampton","brand":"Genetec","direction":270,"directions":[270,0,180,90],"surveillanceZone":"traffic","mountType":"lamp_post","osmTimestamp":"2026-07-31T00:13:20Z","osmVersion":2}},{"type":"Feature","geometry":{"type":"Point","coordinates":[-79.7715652,43.6207215]},"properties":{"osmId":14054291901,"osmType":"node","brand":"Genetec","direction":21,"surveillanceZone":"building","osmTimestamp":"2026-07-27T17:19:32Z","osmVersion":4}},{"type":"Feature","geometry":{"type":"Point","coordinates":[-79.3757883,43.6413412]},"properties":{"osmId":14057377601,"osmType":"node","operator":"Axis","surveillanceZone":"traffic","osmTimestamp":"2026-07-28T23:38:18Z","osmVersion":1}},{"type":"Feature","geometry":{"type":"Point","coordinates":[-79.3751183,43.6411315]},"properties":{"osmId":14057382001,"osmType":"node","operator":"Axis","surveillanceZone":"traffic","osmTimestamp":"2026-07-28T23:40:42Z","osmVersion":1}},{"type":"Feature","geometry":{"type":"Point","coordinates":[-79.3763743,43.6414407]},"properties":{"osmId":14057387001,"osmType":"node","brand":"Axis","direction":0,"surveillanceZone":"traffic","osmTimestamp":"2026-07-28T23:51:54Z","osmVersion":2}},{"type":"Feature","geometry":{"type":"Point","coordinates":[-79.3762906,43.641492]},"properties":{"osmId":14057387002,"osmType":"node","brand":"Axis","direction":180,"surveillanceZone":"traffic","osmTimestamp":"2026-07-28T23:48:17Z","osmVersion":1}},{"type":"Feature","geometry":{"type":"Point","coordinates":[-79.3773948,43.6410111]},"properties":{"osmId":14057422001,"osmType":"node","brand":"Axis","direction":180,"directions":[180,160,180],"surveillanceZone":"traffic","osmTimestamp":"2026-07-29T00:10:03Z","osmVersion":2}},{"type":"Feature","geometry":{"type":"Point","coordinates":[-79.3789584,43.6403328]},"properties":{"osmId":14057425601,"osmType":"node","brand":"Avigilon","direction":180,"surveillanceZone":"traffic","osmTimestamp":"2026-07-29T00:12:51Z","osmVersion":1}},{"type":"Feature","geometry":{"type":"Point","coordinates":[-120.3332077,50.6709595]},"properties":{"osmId":14063111055,"osmType":"node","direction":180,"surveillanceZone":"parking","mountType":"wall","osmTimestamp":"2026-07-31T05:55:21Z","osmVersion":1}},{"type":"Feature","geometry":{"type":"Point","coordinates":[-79.7131103,43.8617117]},"properties":{"osmId":14067480432,"osmType":"node","operator":"Ontario Provincial Police","direction":180,"surveillanceZone":"traffic","osmTimestamp":"2026-08-02T03:32:56Z","osmVersion":1}},{"type":"Feature","geometry":{"type":"Point","coordinates":[-110.6991495,50.0245036]},"properties":{"osmId":14070964201,"osmType":"node","brand":"Genetec","direction":293,"directions":[293,0,69,137,214,0],"surveillanceZone":"traffic","osmTimestamp":"2026-08-03T16:59:05Z","osmVersion":1}},{"type":"Feature","geometry":{"type":"Point","coordinates":[-79.6157005,43.1540319]},"properties":{"osmId":14071755401,"osmType":"node","brand":"Flock Safety","direction":0,"surveillanceZone":"traffic","osmTimestamp":"2026-08-04T01:35:07Z","osmVersion":1}},{"type":"Feature","geometry":{"type":"Point","coordinates":[-79.6151306,43.1538913]},"properties":{"osmId":14071755801,"osmType":"node","brand":"Flock Safety","direction":86,"surveillanceZone":"traffic","osmTimestamp":"2026-08-04T01:35:55Z","osmVersion":1}},{"type":"Feature","geometry":{"type":"Point","coordinates":[-79.7970538,43.732601]},"properties":{"osmId":14074712692,"osmType":"node","brand":"Genetec","direction":335,"directions":[335,100],"surveillanceZone":"traffic","osmTimestamp":"2026-08-05T12:50:25Z","osmVersion":1}},{"type":"Feature","geometry":{"type":"Point","coordinates":[-79.8089824,43.7307832]},"properties":{"osmId":14074721737,"osmType":"node","brand":"Genetec","direction":40,"directions":[40,175],"surveillanceZone":"traffic","osmTimestamp":"2026-08-05T12:37:25Z","osmVersion":1}},{"type":"Feature","geometry":{"type":"Point","coordinates":[-79.8131318,43.7275347]},"properties":{"osmId":14074734401,"osmType":"node","brand":"Genetec","direction":140,"directions":[140,290],"surveillanceZone":"traffic","osmTimestamp":"2026-08-05T13:18:43Z","osmVersion":2}},{"type":"Feature","geometry":{"type":"Point","coordinates":[-79.7800537,43.7183083]},"properties":{"osmId":14074749337,"osmType":"node","brand":"Genetec","direction":345,"directions":[345,110],"surveillanceZone":"traffic","osmTimestamp":"2026-08-05T12:48:20Z","osmVersion":1}},{"type":"Feature","geometry":{"type":"Point","coordinates":[-79.7689759,43.7364133]},"properties":{"osmId":14074769158,"osmType":"node","brand":"Genetec","direction":345,"directions":[345,140],"surveillanceZone":"traffic","osmTimestamp":"2026-08-05T13:18:43Z","osmVersion":2}}]}